id,type
0,D
1,C
2,G
3,I
4,A
5,C
6,E
7,A
8,B
9,H
10,G
11,B
12,I
13,G
14,H
15,H
16,G
17,C
18,G
19,D
20,L
21,L
22,H
23,B
24,A
25,D
26,E
27,A
28,I
29,C
30,G
31,E
32,F
33,A
34,E
35,B
36,L
37,D
38,B
39,H
40,L
41,I
42,E
43,H
44,D
45,A
46,B
47,D
48,L
49,F
50,C
51,G
52,L
53,F
54,F
55,D
56,E
57,G
58,F
59,A
60,E
61,I
62,H
63,I
64,L
65,I
66,L
67,D
68,H
69,L
70,D
71,C
72,H
73,E
74,C
75,A
76,E
77,B
78,C
79,F
80,L
81,E
82,H
83,B
84,I
85,L
86,E
87,L
88,C
89,C
90,I
91,C
92,A
93,G
94,L
95,H
96,B
97,C
98,B
99,I
100,L
101,F
102,C
103,L
104,G
105,A
106,F
107,E
108,I
109,C
110,B
111,G
112,A
113,E
114,F
115,G
116,G
117,F
118,L
119,B
120,B
121,E
122,B
123,G
124,B
125,E
126,H
127,B
128,A
129,L
130,B
131,I
132,H
133,G
134,G
135,B
136,I
137,C
138,B
139,C
140,F
141,C
142,G
143,I
144,B
145,B
146,G
147,F
148,F
149,D
150,I
151,D
152,L
153,H
154,A
155,G
156,B
157,C
158,A
159,E
160,A
161,D
162,A
163,F
164,A
165,L
166,G
167,H
168,I
169,L
170,E
171,I
172,D
173,H
174,F
175,B
176,B
177,A
178,L
179,L
180,D
181,I
182,H
183,L
184,A
185,E
186,G
187,G
188,G
189,F
190,I
191,L
192,G
193,B
194,G
195,H
196,D
197,E
198,E
199,B
200,I
201,A
202,E
203,E
204,A
205,B
206,E
207,G
208,G
209,B
210,D
211,F
212,G
213,I
214,I
215,D
216,L
217,A
218,L
219,B
220,E
221,I
222,I
223,E
224,H
225,F
226,F
227,H
228,H
229,A
230,C
231,L
232,B
233,G
234,A
235,G
236,A
237,C
238,B
239,D
240,F
241,A
242,I
243,I
244,D
245,B
246,C
247,L
248,F
249,A
250,H
251,L
252,C
253,E
254,B
255,D
256,F
257,A
258,G
259,A
260,F
261,B
262,E
263,H
264,H
265,L
266,G
267,I
268,I
269,L
270,C
271,D
272,C
273,F
274,A
275,C
276,G
277,B
278,I
279,F
280,C
281,D
282,B
283,A
284,F
285,C
286,H
287,I
288,A
289,B
290,I
291,B
292,H
293,E
294,A
295,G
296,F
297,H
298,C
299,H
300,H
301,I
302,H
303,B
304,I
305,H
306,C
307,A
308,B
309,C
310,H
311,L
312,G
313,I
314,A
315,C
316,D
317,H
318,E
319,E
320,I
321,E
322,H
323,F
324,H
325,C
326,D
327,D
328,G
329,D
330,H
331,F
332,E
333,A
334,L
335,A
336,H
337,B
338,D
339,D
340,I
341,I
342,G
343,C
344,F
345,A
346,A
347,I
348,E
349,A
350,F
351,L
352,E
353,B
354,H
355,H
356,C
357,L
358,E
359,D
360,A
361,B
362,B
363,L
364,E
365,B
366,L
367,H
368,D
369,I
370,H
371,L
372,E
373,C
374,F
375,D
376,C
377,C
378,I
379,D
380,G
381,B
382,D
383,H
384,F
385,L
386,C
387,D
388,F
389,F
390,H
391,D
392,I
393,I
394,D
395,F
396,A
397,F
398,A
399,C
400,D
401,D
402,A
403,H
404,C
405,E
406,G
407,E
408,B
409,A
410,C
411,G
412,D
413,A
414,C
415,F
416,A
417,I
418,G
419,L
420,A
421,G
422,A
423,I
424,E
425,C
426,A
427,I
428,A
429,A
430,B
431,L
432,E
433,H
434,G
435,I
436,E
437,A
438,D
439,E
440,E
441,C
442,H
443,A
444,H
445,H
446,I
447,I
448,C
449,B
450,D
451,B
452,L
453,I
454,D
455,I
456,H
457,L
458,D
459,L
460,A
461,C
462,B
463,H
464,I
465,H
466,L
467,C
468,H
469,B
470,H
471,L
472,I
473,D
474,L
475,C
476,H
477,I
478,A
479,E
480,D
481,A
482,C
483,I
484,B
485,I
486,L
487,C
488,D
489,I
490,H
491,I
492,H
493,C
494,E
495,E
496,F
497,I
498,A
499,F
500,B
501,D
502,B
503,B
504,G
505,F
506,E
507,D
508,B
509,G
510,I
511,B
512,I
513,L
514,G
515,D
516,C
517,C
518,H
519,E
520,G
521,L
522,H
523,A
524,C
525,A
526,B
527,F
528,I
529,C
530,I
531,C
532,C
533,H
534,I
535,D
536,A
537,E
538,L
539,F
540,E
541,G
542,F
543,E
544,C
545,B
546,G
547,G
548,D
549,A
550,I
551,C
552,B
553,E
554,H
555,E
556,I
557,G
558,E
559,I
560,C
561,G
562,I
563,A
564,H
565,I
566,B
567,D
568,E
569,D
570,H
571,H
572,D
573,C
574,F
575,D
576,C
577,F
578,G
579,E
580,B
581,H
582,G
583,A
584,E
585,A
586,B
587,I
588,E
589,H
590,A
591,L
592,A
593,B
594,B
595,C
596,H
597,D
598,H
599,A
600,A
601,D
602,E
603,F
604,D
605,F
606,E
607,A
608,E
609,F
610,H
611,C
612,A
613,C
614,I
615,H
616,H
617,A
618,C
619,D
620,L
621,A
622,F
623,A
624,F
625,D
626,C
627,D
628,L
629,G
630,A
631,G
632,B
633,A
634,B
635,L
636,I
637,I
638,I
639,H
640,B
641,F
642,A
643,A
644,G
645,I
646,F
647,L
648,H
649,E
650,F
651,H
652,D
653,I
654,E
655,B
656,H
657,H
658,E
659,I
660,E
661,B
662,C
663,C
664,D
665,L
666,L
667,B
668,L
669,B
670,E
671,C
672,I
673,B
674,A
675,A
676,C
677,A
678,I
679,D
680,B
681,L
682,I
683,L
684,G
685,G
686,A
687,A
688,E
689,B
690,H
691,C
692,B
693,B
694,D
695,D
696,A
697,B
698,B
699,I
700,B
701,B
702,H
703,A
704,C
705,G
706,E
707,B
708,C
709,H
710,H
711,H
712,G
713,F
714,H
715,F
716,B
717,F
718,A
719,G
720,F
721,F
722,H
723,A
724,H
725,A
726,D
727,L
728,D
729,F
730,L
731,B
732,F
733,H
734,B
735,H
736,I
737,L
738,B
739,D
740,F
741,C
742,B
743,C
744,I
745,B
746,H
747,A
748,D
749,I
750,F
751,H
752,L
753,F
754,B
755,F
756,A
757,I
758,H
759,E
760,E
761,A
762,H
763,E
764,A
765,G
766,F
767,E
768,I
769,D
770,D
771,E
772,B
773,E
774,H
775,L
776,B
777,F
778,C
779,L
780,F
781,C
782,G
783,F
784,E
785,D
786,E
787,L
788,D
789,E
790,D
791,E
792,E
793,C
794,E
795,H
796,F
797,L
798,H
799,B
800,A
801,H
802,H
803,I
804,I
805,C
806,I
807,D
808,L
809,D
810,D
811,L
812,L
813,F
814,L
815,E
816,D
817,G
818,H
819,L
820,G
821,D
822,D
823,F
824,A
825,B
826,L
827,L
828,E
829,B
830,C
831,E
832,F
833,E
834,A
835,B
836,A
837,L
838,H
839,D
840,C
841,L
842,F
843,D
844,H
845,E
846,E
847,H
848,G
849,G
850,A
851,G
852,D
853,C
854,I
855,D
856,D
857,F
858,A
859,F
860,E
861,I
862,E
863,C
864,D
865,H
866,L
867,B
868,I
869,I
870,I
871,H
872,H
873,L
874,C
875,H
876,I
877,F
878,I
879,A
880,G
881,E
882,C
883,E
884,E
885,I
886,C
887,D
888,A
889,G
890,H
891,H
892,H
893,F
894,H
895,F
896,H
897,L
898,G
899,H
900,F
901,C
902,B
903,F
904,D
905,A
906,H
907,L
908,I
909,A
910,I
911,C
912,I
913,B
914,F
915,G
916,G
917,H
918,L
919,B
920,B
921,B
922,G
923,G
924,D
925,A
926,B
927,C
928,A
929,C
930,D
931,D
932,H
933,A
934,E
935,G
936,I
937,C
938,A
939,B
940,D
941,G
942,B
943,D
944,E
945,B
946,E
947,L
948,G
949,E
950,I
951,I
952,L
953,A
954,C
955,L
956,C
957,E
958,C
959,B
960,E
961,A
962,H
963,F
964,F
965,D
966,B
967,L
968,C
969,H
970,G
971,H
972,G
973,G
974,G
975,A
976,F
977,L
978,I
979,E
980,D
981,C
982,G
983,C
984,B
985,F
986,A
987,A
988,E
989,D
990,F
991,A
992,H
993,A
994,C
995,H
996,D
997,G
998,F
999,G
1000,G
1001,I
1002,I
1003,B
1004,D
1005,H
1006,L
1007,D
1008,I
1009,G
1010,E
1011,E
1012,E
1013,B
1014,D
1015,E
1016,D
1017,F
1018,C
1019,B
1020,G
1021,C
1022,E
1023,G
1024,E
1025,A
1026,E
1027,C
1028,A
1029,F
1030,C
1031,A
1032,C
1033,C
1034,D
1035,I
1036,H
1037,D
1038,L
1039,I
1040,D
1041,C
1042,C
1043,F
1044,D
1045,F
1046,F
1047,B
1048,D
1049,B
1050,C
1051,B
1052,H
1053,C
1054,B
1055,A
1056,B
1057,E
1058,G
1059,F
1060,B
1061,G
1062,D
1063,L
1064,B
1065,I
1066,A
1067,A
1068,A
1069,I
1070,F
1071,F
1072,A
1073,A
1074,D
1075,G
1076,H
1077,F
1078,A
1079,F
1080,I
1081,B
1082,G
1083,D
1084,B
1085,F
1086,B
1087,A
1088,C
1089,G
1090,G
1091,I
1092,A
1093,L
1094,H
1095,E
1096,B
1097,E
1098,E
1099,I
1100,E
1101,C
1102,L
1103,A
1104,E
1105,H
1106,I
1107,F
1108,C
1109,H
1110,F
1111,C
1112,I
1113,H
1114,B
1115,G
1116,A
1117,C
1118,I
1119,G
1120,F
1121,A
1122,C
1123,I
1124,I
1125,G
1126,E
1127,H
1128,B
1129,I
1130,C
1131,G
1132,C
1133,F
1134,G
1135,D
1136,G
1137,B
1138,H
1139,I
1140,H
1141,A
1142,F
1143,D
1144,G
1145,L
1146,E
1147,F
1148,F
1149,G
1150,E
1151,C
1152,C
1153,B
1154,H
1155,F
1156,C
1157,F
1158,C
1159,C
1160,B
1161,E
1162,D
1163,D
1164,F
1165,E
1166,D
1167,H
1168,A
1169,A
1170,E
1171,G
1172,A
1173,H
1174,F
1175,E
1176,H
1177,H
1178,I
1179,I
1180,A
1181,I
1182,G
1183,H
1184,L
1185,G
1186,E
1187,A
1188,G
1189,I
1190,L
1191,E
1192,G
1193,D
1194,L
1195,E
1196,H
1197,H
1198,A
1199,H
1200,C
1201,F
1202,E
1203,B
1204,B
1205,B
1206,A
1207,C
1208,F
1209,I
1210,D
1211,A
1212,I
1213,C
1214,A
1215,H
1216,I
1217,E
1218,F
1219,E
1220,G
1221,L
1222,G
1223,E
1224,I
1225,G
1226,L
1227,I
1228,G
1229,F
1230,B
1231,L
1232,H
1233,A
1234,I
1235,I
1236,D
1237,E
1238,L
1239,D
1240,A
1241,G
1242,C
1243,C
1244,I
1245,E
1246,I
1247,E
1248,B
1249,E
1250,G
1251,F
1252,D
1253,A
1254,G
1255,G
1256,F
1257,D
1258,H
1259,E
1260,G
1261,L
1262,D
1263,A
1264,E
1265,B
1266,A
1267,L
1268,D
1269,A
1270,F
1271,D
1272,I
1273,C
1274,C
1275,B
1276,L
1277,D
1278,F
1279,C
1280,C
1281,I
1282,A
1283,C
1284,B
1285,E
1286,H
1287,E
1288,I
1289,C
1290,C
1291,L
1292,E
1293,C
1294,D
1295,I
1296,F
1297,B
1298,L
1299,I
1300,H
1301,B
1302,H
1303,D
1304,I
1305,G
1306,A
1307,F
1308,A
1309,I
1310,L
1311,B
1312,L
1313,H
1314,H
1315,F
1316,B
1317,A
1318,L
1319,D
1320,G
1321,F
1322,G
1323,F
1324,C
1325,A
1326,B
1327,F
1328,E
1329,B
1330,F
1331,A
1332,L
1333,B
1334,L
1335,D
1336,D
1337,G
1338,B
1339,E
1340,C
1341,I
1342,A
1343,H
1344,C
1345,H
1346,C
1347,F
1348,C
1349,H
1350,C
1351,F
1352,G
1353,D
1354,D
1355,L
1356,A
1357,E
1358,E
1359,L
1360,D
1361,C
1362,A
1363,L
1364,D
1365,F
1366,C
1367,H
1368,B
1369,C
1370,H
1371,D
1372,C
1373,L
1374,B
1375,H
1376,H
1377,E
1378,C
1379,I
1380,C
1381,L
1382,H
1383,B
1384,D
1385,E
1386,D
1387,L
1388,B
1389,A
1390,E
1391,C
1392,A
1393,C
1394,A
1395,D
1396,D
1397,I
1398,A
1399,I
1400,L
1401,A
1402,I
1403,H
1404,H
1405,L
1406,C
1407,G
1408,I
1409,L
1410,A
1411,E
1412,D
1413,D
1414,G
1415,C
1416,C
1417,H
1418,L
1419,L
1420,I
1421,F
1422,G
1423,C
1424,E
1425,A
1426,I
1427,H
1428,D
1429,L
1430,A
1431,H
1432,I
1433,G
1434,C
1435,D
1436,D
1437,D
1438,C
1439,E
1440,D
1441,H
1442,F
1443,A
1444,H
1445,C
1446,B
1447,F
1448,A
1449,F
1450,E
1451,C
1452,D
1453,C
1454,C
1455,C
1456,G
1457,H
1458,H
1459,D
1460,L
1461,L
1462,A
1463,A
1464,F
1465,F
1466,H
1467,A
1468,H
1469,I
1470,B
1471,H
1472,F
1473,I
1474,H
1475,C
1476,H
1477,I
1478,B
1479,G
1480,H
1481,I
1482,A
1483,D
1484,E
1485,H
1486,A
1487,E
1488,D
1489,H
1490,L
1491,B
1492,B
1493,F
1494,G
1495,A
1496,G
1497,L
1498,E
1499,I
1500,I
1501,B
1502,G
1503,H
1504,F
1505,B
1506,C
1507,F
1508,A
1509,D
1510,E
1511,G
1512,E
1513,I
1514,I
1515,L
1516,H
1517,L
1518,H
1519,L
1520,B
1521,G
1522,L
1523,E
1524,C
1525,F
1526,D
1527,D
1528,L
1529,F
1530,D
1531,I
1532,C
1533,E
1534,E
1535,L
1536,I
1537,I
1538,I
1539,L
1540,C
1541,B
1542,E
1543,E
1544,G
1545,C
1546,L
1547,B
1548,A
1549,H
1550,C
1551,E
1552,G
1553,C
1554,E
1555,B
1556,H
1557,E
1558,F
1559,E
1560,L
1561,I
1562,I
1563,H
1564,E
1565,C
1566,E
1567,C
1568,F
1569,C
1570,C
1571,H
1572,L
1573,G
1574,F
1575,F
1576,I
1577,A
1578,H
1579,H
1580,I
1581,I
1582,F
1583,G
1584,I
1585,L
1586,L
1587,B
1588,I
1589,D
1590,I
1591,L
1592,E
1593,L
1594,H
1595,F
1596,A
1597,E
1598,C
1599,G
1600,L
1601,G
1602,E
1603,A
1604,D
1605,I
1606,L
1607,G
1608,G
1609,E
1610,E
1611,C
1612,H
1613,E
1614,C
1615,H
1616,C
1617,C
1618,C
1619,F
1620,B
1621,E
1622,A
1623,H
1624,G
1625,B
1626,D
1627,C
1628,F
1629,I
1630,D
1631,F
1632,B
1633,D
1634,L
1635,I
1636,I
1637,B
1638,B
1639,D
1640,L
1641,I
1642,B
1643,B
1644,D
1645,H
1646,C
1647,F
1648,F
1649,B
1650,H
1651,H
1652,E
1653,B
1654,A
1655,G
1656,E
1657,A
1658,D
1659,H
1660,H
1661,I
1662,L
1663,L
1664,L
1665,L
1666,C
1667,B
1668,L
1669,L
1670,E
1671,C
1672,A
1673,G
1674,F
1675,L
1676,I
1677,L
1678,G
1679,A
1680,F
1681,I
1682,I
1683,I
1684,F
1685,L
1686,E
1687,D
1688,G
1689,C
1690,H
1691,D
1692,I
1693,I
1694,G
1695,A
1696,A
1697,D
1698,I
1699,E
1700,C
1701,A
1702,H
1703,E
1704,F
1705,B
1706,F
1707,A
1708,C
1709,B
1710,G
1711,A
1712,D
1713,F
1714,F
1715,I
1716,F
1717,E
1718,G
1719,E
1720,E
1721,I
1722,A
1723,F
1724,G
1725,A
1726,D
1727,E
1728,G
1729,F
1730,I
1731,B
1732,E
1733,I
1734,L
1735,G
1736,H
1737,A
1738,E
1739,L
1740,I
1741,G
1742,I
1743,I
1744,C
1745,I
1746,E
1747,I
1748,L
1749,A
1750,D
1751,E
1752,L
1753,L
1754,C
1755,L
1756,H
1757,F
1758,I
1759,A
1760,G
1761,E
1762,E
1763,I
1764,C
1765,H
1766,H
1767,B
1768,F
1769,B
1770,C
1771,L
1772,G
1773,H
1774,B
1775,C
1776,D
1777,F
1778,B
1779,L
1780,F
1781,L
1782,E
1783,B
1784,C
1785,F
1786,F
1787,E
1788,D
1789,I
1790,B
1791,E
1792,E
1793,E
1794,B
1795,G
1796,D
1797,H
1798,E
1799,E
1800,I
1801,D
1802,I
1803,B
1804,I
1805,I
1806,D
1807,A
1808,A
1809,E
1810,C
1811,E
1812,D
1813,E
1814,L
1815,D
1816,A
1817,I
1818,B
1819,D
1820,F
1821,C
1822,I
1823,H
1824,B
1825,B
1826,H
1827,A
1828,I
1829,G
1830,C
1831,F
1832,I
1833,I
1834,A
1835,H
1836,I
1837,C
1838,H
1839,D
1840,H
1841,H
1842,E
1843,G
1844,L
1845,G
1846,E
1847,H
1848,G
1849,H
1850,F
1851,A
1852,L
1853,G
1854,F
1855,H
1856,A
1857,I
1858,I
1859,B
1860,E
1861,H
1862,D
1863,A
1864,D
1865,L
1866,F
1867,A
1868,I
1869,E
1870,C
1871,B
1872,I
1873,F
1874,L
1875,C
1876,E
1877,G
1878,F
1879,C
1880,D
1881,C
1882,I
1883,L
1884,B
1885,L
1886,L
1887,G
1888,E
1889,E
1890,C
1891,I
1892,I
1893,F
1894,L
1895,I
1896,G
1897,E
1898,G
1899,L
1900,H
1901,I
1902,L
1903,A
1904,G
1905,H
1906,F
1907,B
1908,I
1909,H
1910,F
1911,A
1912,E
1913,L
1914,L
1915,H
1916,D
1917,G
1918,D
1919,C
1920,E
1921,D
1922,E
1923,G
1924,L
1925,H
1926,C
1927,C
1928,A
1929,L
1930,D
1931,I
1932,I
1933,D
1934,A
1935,L
1936,E
1937,I
1938,C
1939,B
1940,G
1941,C
1942,A
1943,A
1944,D
1945,I
1946,A
1947,B
1948,E
1949,B
1950,H
1951,E
1952,A
1953,I
1954,E
1955,E
1956,H
1957,F
1958,A
1959,G
1960,I
1961,D
1962,D
1963,B
1964,H
1965,A
1966,I
1967,A
1968,A
1969,B
1970,E
1971,B
1972,D
1973,C
1974,G
1975,C
1976,E
1977,I
1978,B
1979,B
1980,A
1981,E
1982,G
1983,D
1984,L
1985,G
1986,I
1987,G
1988,A
1989,L
1990,I
1991,E
1992,C
1993,A
1994,G
1995,F
1996,D
1997,D
1998,L
1999,F
2000,H
2001,L
2002,L
2003,H
2004,H
2005,I
2006,F
2007,E
2008,E
2009,H
2010,C
2011,H
2012,F
2013,L
2014,E
2015,B
2016,L
2017,C
2018,I
2019,E
2020,F
2021,L
2022,B
2023,F
2024,G
2025,B
2026,E
2027,L
2028,E
2029,L
2030,L
2031,C
2032,G
2033,H
2034,B
2035,A
2036,G
2037,C
2038,E
2039,A
2040,I
2041,B
2042,I
2043,L
2044,D
2045,D
2046,D
2047,F
2048,H
2049,E
2050,D
2051,E
2052,L
2053,H
2054,E
2055,I
2056,C
2057,C
2058,B
2059,E
2060,B
2061,F
2062,D
2063,I
2064,A
2065,A
2066,D
2067,B
2068,A
2069,L
2070,D
2071,A
2072,D
2073,F
2074,E
2075,A
2076,D
2077,B
2078,I
2079,F
2080,F
2081,A
2082,I
2083,L
2084,B
2085,E
2086,A
2087,H
2088,C
2089,A
2090,C
2091,B
2092,L
2093,F
2094,I
2095,F
2096,H
2097,B
2098,C
2099,D
2100,F
2101,F
2102,H
2103,E
2104,I
2105,E
2106,A
2107,I
2108,C
2109,E
2110,F
2111,A
2112,E
2113,A
2114,I
2115,I
2116,L
2117,C
2118,D
2119,H
2120,A
2121,L
2122,D
2123,F
2124,C
2125,G
2126,C
2127,C
2128,L
2129,D
2130,I
2131,A
2132,A
2133,B
2134,C
2135,B
2136,H
2137,H
2138,I
2139,H
2140,G
2141,I
2142,F
2143,I
2144,A
2145,G
2146,C
2147,L
2148,D
2149,E
2150,G
2151,I
2152,B
2153,B
2154,I
2155,B
2156,H
2157,B
2158,F
2159,I
2160,D
2161,B
2162,F
2163,H
2164,C
2165,H
2166,G
2167,I
2168,I
2169,F
2170,C
2171,L
2172,D
2173,D
2174,C
2175,B
2176,F
2177,F
2178,H
2179,L
2180,I
2181,A
2182,C
2183,B
2184,D
2185,A
2186,L
2187,C
2188,A
2189,F
2190,F
2191,E
2192,D
2193,C
2194,A
2195,H
2196,F
2197,A
2198,L
2199,E
2200,I
2201,L
2202,A
2203,C
2204,I
2205,I
2206,H
2207,C
2208,A
2209,C
2210,A
2211,D
2212,H
2213,B
2214,E
2215,C
2216,C
2217,F
2218,E
2219,L
2220,C
2221,C
2222,G
2223,E
2224,L
2225,D
2226,C
2227,C
2228,D
2229,I
2230,B
2231,G
2232,H
2233,B
2234,E
2235,L
2236,I
2237,E
2238,C
2239,A
2240,A
2241,G
2242,B
2243,B
2244,L
2245,H
2246,H
2247,C
2248,F
2249,G
2250,D
2251,D
2252,F
2253,B
2254,C
2255,A
2256,A
2257,G
2258,I
2259,F
2260,A
2261,A
2262,D
2263,C
2264,L
2265,E
2266,D
2267,I
2268,A
2269,C
2270,L
2271,B
2272,C
2273,L
2274,F
2275,D
2276,G
2277,G
2278,L
2279,I
2280,D
2281,C
2282,B
2283,L
2284,I
2285,I
2286,A
2287,I
2288,L
2289,A
2290,E
2291,A
2292,E
2293,I
2294,F
2295,E
2296,A
2297,E
2298,H
2299,C
2300,D
2301,A
2302,G
2303,E
2304,D
2305,E
2306,D
2307,A
2308,B
2309,I
2310,E
2311,L
2312,L
2313,G
2314,H
2315,I
2316,E
2317,D
2318,A
2319,B
2320,I
2321,B
2322,G
2323,F
2324,C
2325,G
2326,C
2327,H
2328,D
2329,L
2330,G
2331,A
2332,F
2333,G
2334,I
2335,E
2336,F
2337,F
2338,B
2339,I
2340,L
2341,H
2342,D
2343,G
2344,B
2345,A
2346,C
2347,A
2348,F
2349,A
2350,B
2351,I
2352,A
2353,F
2354,D
2355,B
2356,A
2357,L
2358,I
2359,F
2360,A
2361,H
2362,I
2363,F
2364,H
2365,E
2366,F
2367,I
2368,G
2369,E
2370,H
2371,L
2372,I
2373,B
2374,L
2375,B
2376,C
2377,A
2378,B
2379,E
2380,C
2381,B
2382,G
2383,D
2384,L
2385,C
2386,I
2387,G
2388,F
2389,F
2390,B
2391,H
2392,F
2393,F
2394,G
2395,A
2396,E
2397,C
2398,G
2399,A
2400,H
2401,I
2402,L
2403,A
2404,A
2405,I
2406,C
2407,F
2408,L
2409,A
2410,A
2411,E
2412,G
2413,G
2414,D
2415,L
2416,A
2417,E
2418,G
2419,E
2420,E
2421,F
2422,L
2423,B
2424,B
2425,G
2426,L
2427,L
2428,F
2429,E
2430,A
2431,I
2432,D
2433,D
2434,C
2435,H
2436,G
2437,G
2438,E
2439,I
2440,C
2441,B
2442,B
2443,F
2444,I
2445,H
2446,A
2447,D
2448,D
2449,C
2450,B
2451,B
2452,C
2453,L
2454,E
2455,F
2456,H
2457,H
2458,G
2459,G
2460,D
2461,C
2462,E
2463,C
2464,I
2465,C
2466,F
2467,E
2468,H
2469,L
2470,D
2471,L
2472,E
2473,L
2474,D
2475,G
2476,F
2477,F
2478,L
2479,F
2480,D
2481,H
2482,B
2483,C
2484,C
2485,I
2486,D
2487,B
2488,H
2489,H
2490,L
2491,B
2492,F
2493,C
2494,I
2495,H
2496,B
2497,E
2498,A
2499,A
2500,I
2501,D
2502,I
2503,F
2504,I
2505,E
2506,L
2507,F
2508,B
2509,D
2510,A
2511,L
2512,A
2513,B
2514,I
2515,D
2516,F
2517,G
2518,I
2519,I
2520,I
2521,B
2522,B
2523,A
2524,G
2525,B
2526,B
2527,L
2528,F
2529,D
2530,L
2531,H
2532,D
2533,I
2534,F
2535,D
2536,A
2537,A
2538,A
2539,H
2540,A
2541,E
2542,D
2543,F
2544,A
2545,L
2546,L
2547,E
2548,I
2549,B
2550,F
2551,E
2552,L
2553,A
2554,A
2555,H
2556,L
2557,H
2558,E
2559,I
2560,G
2561,B
2562,G
2563,L
2564,I
2565,D
2566,F
2567,C
2568,F
2569,L
2570,A
2571,C
2572,C
2573,F
2574,F
2575,A
2576,E
2577,H
2578,B
2579,H
2580,C
2581,C
2582,D
2583,F
2584,E
2585,C
2586,H
2587,E
2588,H
2589,F
2590,L
2591,I
2592,H
2593,D
2594,F
2595,E
2596,C
2597,B
2598,F
2599,H
2600,I
2601,F
2602,D
2603,H
2604,G
2605,F
2606,D
2607,E
2608,H
2609,F
2610,C
2611,F
2612,H
2613,H
2614,I
2615,I
2616,L
2617,E
2618,A
2619,H
2620,I
2621,B
2622,F
2623,E
2624,F
2625,G
2626,H
2627,G
2628,B
2629,H
2630,A
2631,A
2632,F
2633,H
2634,B
2635,D
2636,A
2637,G
2638,A
2639,G
2640,A
2641,L
2642,D
2643,I
2644,I
2645,A
2646,I
2647,G
2648,D
2649,B
2650,F
2651,D
2652,L
2653,A
2654,D
2655,I
2656,I
2657,F
2658,A
2659,E
2660,G
2661,E
2662,I
2663,G
2664,G
2665,A
2666,A
2667,F
2668,B
2669,A
2670,L
2671,D
2672,F
2673,D
2674,G
2675,H
2676,F
2677,F
2678,I
2679,A
2680,A
2681,A
2682,F
2683,I
2684,B
2685,B
2686,G
2687,I
2688,I
2689,I
2690,A
2691,C
2692,C
2693,B
2694,G
2695,L
2696,L
2697,G
2698,L
2699,B
2700,B
2701,L
2702,G
2703,G
2704,I
2705,G
2706,D
2707,L
2708,L
2709,A
2710,D
2711,I
2712,F
2713,F
2714,B
2715,A
2716,C
2717,C
2718,H
2719,B
2720,L
2721,F
2722,H
2723,H
2724,D
2725,B
2726,D
2727,A
2728,L
2729,H
2730,F
2731,H
2732,G
2733,H
2734,D
2735,H
2736,E
2737,E
2738,I
2739,E
2740,I
2741,D
2742,D
2743,L
2744,H
2745,L
2746,A
2747,A
2748,L
2749,C
2750,F
2751,I
2752,D
2753,I
2754,L
2755,I
2756,L
2757,H
2758,F
2759,H
2760,C
2761,G
2762,L
2763,E
2764,D
2765,A
2766,A
2767,C
2768,D
2769,G
2770,H
2771,L
2772,F
2773,L
2774,E
2775,B
2776,C
2777,B
2778,B
2779,L
2780,A
2781,H
2782,G
2783,A
2784,L
2785,C
2786,G
2787,F
2788,E
2789,B
2790,D
2791,G
2792,L
2793,B
2794,C
2795,E
2796,D
2797,D
2798,I
2799,D
2800,B
2801,E
2802,B
2803,D
2804,C
2805,D
2806,E
2807,D
2808,C
2809,C
2810,D
2811,B
2812,E
2813,E
2814,H
2815,L
2816,E
2817,H
2818,A
2819,I
2820,E
2821,I
2822,F
2823,D
2824,E
2825,A
2826,F
2827,D
2828,L
2829,H
2830,D
2831,B
2832,H
2833,E
2834,I
2835,B
2836,A
2837,E
2838,H
2839,B
2840,H
2841,A
2842,D
2843,E
2844,L
2845,F
2846,H
2847,F
2848,L
2849,F
2850,F
2851,A
2852,E
2853,G
2854,G
2855,H
2856,G
2857,C
2858,B
2859,L
2860,H
2861,I
2862,C
2863,E
2864,D
2865,A
2866,C
2867,H
2868,H
2869,L
2870,I
2871,C
2872,I
2873,A
2874,F
2875,H
2876,E
2877,E
2878,E
2879,E
2880,G
2881,E
2882,H
2883,L
2884,B
2885,A
2886,H
2887,F
2888,E
2889,G
2890,C
2891,D
2892,I
2893,D
2894,I
2895,A
2896,D
2897,B
2898,B
2899,E
2900,H
2901,F
2902,L
2903,I
2904,B
2905,E
2906,E
2907,D
2908,H
2909,G
2910,E
2911,H
2912,H
2913,F
2914,F
2915,L
2916,F
2917,D
2918,F
2919,H
2920,I
2921,C
2922,G
2923,D
2924,E
2925,F
2926,F
2927,C
2928,E
2929,I
2930,E
2931,B
2932,C
2933,H
2934,C
2935,C
2936,L
2937,L
2938,I
2939,C
2940,B
2941,B
2942,E
2943,A
2944,I
2945,A
2946,L
2947,C
2948,H
2949,L
2950,D
2951,I
2952,C
2953,E
2954,A
2955,C
2956,B
2957,G
2958,L
2959,E
2960,L
2961,L
2962,L
2963,H
2964,B
2965,F
2966,H
2967,C
2968,H
2969,L
2970,B
2971,D
2972,B
2973,L
2974,L
2975,G
2976,I
2977,I
2978,L
2979,B
2980,B
2981,E
2982,D
2983,I
2984,G
2985,A
2986,I
2987,A
2988,G
2989,A
2990,A
2991,L
2992,G
2993,E
2994,I
2995,L
2996,G
2997,B
2998,L
2999,D
3000,I
3001,C
3002,L
3003,C
3004,H
3005,E
3006,B
3007,B
3008,I
3009,G
3010,F
3011,F
3012,E
3013,D
3014,E
3015,I
3016,L
3017,A
3018,E
3019,L
3020,B
3021,A
3022,C
3023,E
3024,F
3025,L
3026,D
3027,E
3028,C
3029,E
3030,A
3031,H
3032,D
3033,A
3034,A
3035,E
3036,B
3037,L
3038,E
3039,I
3040,D
3041,D
3042,F
3043,A
3044,L
3045,G
3046,A
3047,A
3048,A
3049,C
3050,C
3051,E
3052,C
3053,E
3054,H
3055,D
3056,H
3057,G
3058,H
3059,D
3060,E
3061,H
3062,D
3063,I
3064,I
3065,B
3066,H
3067,D
3068,A
3069,C
3070,A
3071,H
3072,G
3073,H
3074,D
3075,B
3076,G
3077,G
3078,G
3079,A
3080,E
3081,H
3082,H
3083,F
3084,A
3085,H
3086,I
3087,B
3088,H
3089,A
3090,L
3091,E
3092,A
3093,L
3094,A
3095,E
3096,C
3097,E
3098,A
3099,G
3100,I
3101,E
3102,E
3103,L
3104,E
3105,L
3106,L
3107,C
3108,F
3109,B
3110,L
3111,H
3112,E
3113,H
3114,E
3115,G
3116,I
3117,G
3118,B
3119,E
3120,C
3121,A
3122,F
3123,E
3124,A
3125,D
3126,L
3127,L
3128,D
3129,G
3130,C
3131,F
3132,C
3133,B
3134,L
3135,D
3136,I
3137,G
3138,L
3139,G
3140,G
3141,I
3142,F
3143,B
3144,A
3145,H
3146,G
3147,C
3148,B
3149,A
3150,F
3151,D
3152,A
3153,D
3154,D
3155,E
3156,B
3157,G
3158,A
3159,F
3160,E
3161,E
3162,L
3163,G
3164,F
3165,A
3166,D
3167,E
3168,G
3169,I
3170,A
3171,G
3172,H
3173,A
3174,B
3175,A
3176,I
3177,A
3178,E
3179,L
3180,G
3181,D
3182,G
3183,D
3184,I
3185,G
3186,G
3187,B
3188,F
3189,E
3190,I
3191,E
3192,B
3193,F
3194,C
3195,G
3196,I
3197,B
3198,A
3199,G
3200,A
3201,I
3202,I
3203,B
3204,I
3205,E
3206,E
3207,E
3208,C
3209,C
3210,H
3211,B
3212,C
3213,D
3214,F
3215,G
3216,H
3217,L
3218,H
3219,A
3220,A
3221,G
3222,F
3223,H
3224,D
3225,G
3226,E
3227,L
3228,E
3229,B
3230,B
3231,G
3232,C
3233,F
3234,E
3235,B
3236,E
3237,B
3238,C
3239,L
3240,L
3241,E
3242,D
3243,A
3244,G
3245,A
3246,F
3247,B
3248,C
3249,B
3250,D
3251,E
3252,G
3253,I
3254,L
3255,F
3256,C
3257,F
3258,D
3259,F
3260,L
3261,E
3262,F
3263,G
3264,A
3265,B
3266,L
3267,I
3268,F
3269,L
3270,B
3271,I
3272,A
3273,E
3274,F
3275,H
3276,B
3277,D
3278,L
3279,D
3280,G
3281,C
3282,G
3283,I
3284,C
3285,F
3286,D
3287,H
3288,A
3289,D
3290,A
3291,B
3292,L
3293,I
3294,F
3295,F
3296,C
3297,F
3298,G
3299,D
3300,F
3301,B
3302,F
3303,A
3304,A
3305,C
3306,E
3307,D
3308,D
3309,A
3310,C
3311,B
3312,C
3313,F
3314,G
3315,I
3316,E
3317,I
3318,I
3319,I
3320,C
3321,H
3322,H
3323,L
3324,H
3325,A
3326,G
3327,G
3328,C
3329,H
3330,I
3331,B
3332,H
3333,H
3334,F
3335,L
3336,C
3337,F
3338,F
3339,F
3340,E
3341,D
3342,E
3343,H
3344,L
3345,D
3346,C
3347,B
3348,G
3349,A
3350,B
3351,H
3352,B
3353,A
3354,F
3355,E
3356,F
3357,H
3358,G
3359,H
3360,F
3361,L
3362,L
3363,C
3364,D
3365,G
3366,L
3367,F
3368,H
3369,E
3370,E
3371,D
3372,L
3373,F
3374,F
3375,G
3376,I
3377,A
3378,H
3379,C
3380,B
3381,E
3382,A
3383,C
3384,A
3385,L
3386,F
3387,G
3388,L
3389,L
3390,H
3391,L
3392,H
3393,H
3394,L
3395,E
3396,L
3397,D
3398,H
3399,C
3400,L
3401,F
3402,F
3403,D
3404,B
3405,L
3406,L
3407,F
3408,G
3409,C
3410,B
3411,C
3412,H
3413,G
3414,D
3415,A
3416,G
3417,F
3418,C
3419,G
3420,D
3421,C
3422,B
3423,B
3424,H
3425,C
3426,L
3427,F
3428,F
3429,I
3430,I
3431,G
3432,F
3433,I
3434,A
3435,B
3436,L
3437,H
3438,L
3439,L
3440,G
3441,C
3442,F
3443,A
3444,E
3445,E
3446,I
3447,F
3448,H
3449,F
3450,B
3451,C
3452,G
3453,G
3454,C
3455,G
3456,H
3457,H
3458,A
3459,L
3460,I
3461,G
3462,I
3463,G
3464,H
3465,F
3466,C
3467,E
3468,B
3469,B
3470,C
3471,A
3472,H
3473,B
3474,A
3475,G
3476,H
3477,L
3478,D
3479,A
3480,F
3481,L
3482,I
3483,B
3484,I
3485,D
3486,B
3487,I
3488,C
3489,H
3490,G
3491,L
3492,A
3493,A
3494,E
3495,B
3496,E
3497,E
3498,C
3499,H
3500,H
3501,A
3502,H
3503,F
3504,I
3505,A
3506,D
3507,F
3508,H
3509,C
3510,H
3511,E
3512,F
3513,F
3514,C
3515,L
3516,C
3517,A
3518,G
3519,H
3520,F
3521,A
3522,L
3523,A
3524,G
3525,B
3526,F
3527,G
3528,B
3529,H
3530,I
3531,E
3532,G
3533,B
3534,B
3535,F
3536,C
3537,C
3538,A
3539,L
3540,I
3541,D
3542,F
3543,B
3544,A
3545,F
3546,H
3547,G
3548,A
3549,C
3550,B
3551,L
3552,G
3553,F
3554,F
3555,B
3556,H
3557,C
3558,B
3559,F
3560,I
3561,C
3562,F
3563,G
3564,H
3565,L
3566,G
3567,C
3568,G
3569,C
3570,L
3571,H
3572,E
3573,C
3574,A
3575,I
3576,E
3577,E
3578,L
3579,A
3580,I
3581,C
3582,D
3583,D
3584,H
3585,F
3586,G
3587,G
3588,C
3589,G
3590,B
3591,C
3592,I
3593,D
3594,H
3595,B
3596,C
3597,L
3598,B
3599,L
3600,A
3601,I
3602,G
3603,F
3604,B
3605,H
3606,F
3607,H
3608,E
3609,E
3610,C
3611,G
3612,E
3613,G
3614,C
3615,H
3616,H
3617,F
3618,B
3619,E
3620,G
3621,H
3622,A
3623,L
3624,D
3625,G
3626,A
3627,C
3628,H
3629,F
3630,B
3631,G
3632,G
3633,G
3634,E
3635,C
3636,I
3637,L
3638,H
3639,H
3640,F
3641,D
3642,E
3643,G
3644,G
3645,I
3646,I
3647,L
3648,G
3649,B
3650,G
3651,H
3652,F
3653,L
3654,A
3655,C
3656,E
3657,C
3658,F
3659,G
3660,F
3661,D
3662,E
3663,G
3664,G
3665,H
3666,E
3667,A
3668,I
3669,I
3670,B
3671,G
3672,B
3673,D
3674,E
3675,C
3676,B
3677,C
3678,C
3679,A
3680,A
3681,A
3682,H
3683,H
3684,A
3685,A
3686,F
3687,I
3688,B
3689,C
3690,G
3691,A
3692,L
3693,G
3694,G
3695,H
3696,C
3697,A
3698,D
3699,D
3700,A
3701,G
3702,C
3703,F
3704,L
3705,A
3706,F
3707,B
3708,B
3709,D
3710,I
3711,C
3712,D
3713,C
3714,C
3715,L
3716,A
3717,I
3718,H
3719,C
3720,G
3721,A
3722,G
3723,D
3724,A
3725,G
3726,D
3727,A
3728,I
3729,I
3730,A
3731,D
3732,D
3733,B
3734,L
3735,B
3736,A
3737,H
3738,H
3739,D
3740,L
3741,F
3742,G
3743,H
3744,A
3745,E
3746,G
3747,B
3748,C
3749,L
3750,L
3751,H
3752,I
3753,D
3754,F
3755,C
3756,F
3757,A
3758,B
3759,F
3760,C
3761,H
3762,H
3763,L
3764,A
3765,G
3766,E
3767,G
3768,G
3769,H
3770,E
3771,L
3772,A
3773,I
3774,D
3775,A
3776,G
3777,C
3778,C
3779,C
3780,A
3781,F
3782,A
3783,G
3784,B
3785,C
3786,I
3787,G
3788,C
3789,I
3790,D
3791,E
3792,L
3793,G
3794,F
3795,L
3796,A
3797,I
3798,B
3799,E
3800,D
3801,C
3802,H
3803,G
3804,A
3805,H
3806,D
3807,B
3808,G
3809,C
3810,L
3811,E
3812,G
3813,G
3814,I
3815,H
3816,H
3817,F
3818,F
3819,I
3820,C
3821,E
3822,D
3823,E
3824,B
3825,G
3826,D
3827,F
3828,A
3829,I
3830,D
3831,F
3832,B
3833,E
3834,A
3835,I
3836,C
3837,C
3838,C
3839,H
3840,D
3841,F
3842,I
3843,I
3844,H
3845,G
3846,H
3847,C
3848,C
3849,F
3850,L
3851,F
3852,D
3853,I
3854,G
3855,A
3856,C
3857,D
3858,G
3859,H
3860,E
3861,D
3862,L
3863,D
3864,F
3865,G
3866,H
3867,L
3868,B
3869,G
3870,L
3871,G
3872,C
3873,B
3874,E
3875,D
3876,D
3877,E
3878,L
3879,E
3880,L
3881,G
3882,E
3883,C
3884,H
3885,H
3886,G
3887,H
3888,D
3889,I
3890,H
3891,G
3892,I
3893,G
3894,A
3895,L
3896,C
3897,I
3898,D
3899,G
3900,E
3901,A
3902,A
3903,E
3904,G
3905,A
3906,L
3907,C
3908,G
3909,D
3910,I
3911,H
3912,A
3913,A
3914,D
3915,F
3916,B
3917,F
3918,B
3919,F
3920,I
3921,I
3922,L
3923,C
3924,B
3925,G
3926,B
3927,L
3928,E
3929,I
3930,E
3931,E
3932,L
3933,H
3934,D
3935,E
3936,A
3937,I
3938,G
3939,F
3940,A
3941,L
3942,D
3943,L
3944,C
3945,G
3946,A
3947,A
3948,I
3949,C
3950,L
3951,G
3952,G
3953,I
3954,A
3955,G
3956,E
3957,L
3958,C
3959,G
3960,G
3961,C
3962,D
3963,G
3964,I
3965,F
3966,G
3967,H
3968,C
3969,A
3970,I
3971,A
3972,D
3973,L
3974,B
3975,F
3976,C
3977,A
3978,G
3979,B
3980,L
3981,G
3982,F
3983,F
3984,L
3985,H
3986,H
3987,E
3988,E
3989,G
3990,H
3991,H
3992,E
3993,C
3994,I
3995,C
3996,A
3997,F
3998,E
3999,C
4000,A
4001,H
4002,L
4003,B
4004,G
4005,L
4006,C
4007,C
4008,B
4009,C
4010,B
4011,F
4012,A
4013,D
4014,A
4015,F
4016,C
4017,G
4018,D
4019,G
4020,G
4021,D
4022,A
4023,B
4024,L
4025,L
4026,B
4027,C
4028,F
4029,G
4030,G
4031,L
4032,A
4033,I
4034,A
4035,F
4036,G
4037,I
4038,D
4039,D
4040,F
4041,H
4042,H
4043,B
4044,A
4045,F
4046,I
4047,H
4048,I
4049,F
4050,D
4051,D
4052,C
4053,A
4054,C
4055,B
4056,A
4057,I
4058,F
4059,L
4060,A
4061,C
4062,C
4063,F
4064,L
4065,D
4066,L
4067,G
4068,A
4069,C
4070,G
4071,F
4072,A
4073,D
4074,F
4075,I
4076,C
4077,I
4078,B
4079,A
4080,L
4081,E
4082,F
4083,C
4084,L
4085,L
4086,L
4087,H
4088,F
4089,D
4090,L
4091,E
4092,I
4093,I
4094,A
4095,C
4096,L
4097,H
4098,C
4099,E
4100,C
4101,F
4102,E
4103,A
4104,E
4105,I
4106,H
4107,I
4108,L
4109,E
4110,B
4111,A
4112,B
4113,F
4114,C
4115,E
4116,F
4117,C
4118,I
4119,L
4120,G
4121,A
4122,F
4123,E
4124,I
4125,E
4126,B
4127,I
4128,H
4129,B
4130,I
4131,A
4132,C
4133,I
4134,F
4135,B
4136,H
4137,F
4138,I
4139,H
4140,B
4141,I
4142,H
4143,B
4144,D
4145,C
4146,H
4147,A
4148,C
4149,E
4150,D
4151,I
4152,B
4153,B
4154,E
4155,G
4156,D
4157,H
4158,E
4159,I
4160,G
4161,L
4162,D
4163,L
4164,F
4165,A
4166,B
4167,H
4168,E
4169,C
4170,D
4171,B
4172,F
4173,B
4174,A
4175,B
4176,D
4177,G
4178,E
4179,G
4180,L
4181,B
4182,A
4183,G
4184,C
4185,G
4186,G
4187,E
4188,B
4189,L
4190,G
4191,A
4192,D
4193,B
4194,I
4195,G
4196,G
4197,H
4198,D
4199,D
4200,G
4201,G
4202,I
4203,L
4204,D
4205,A
4206,I
4207,A
4208,C
4209,I
4210,F
4211,H
4212,I
4213,H
4214,E
4215,E
4216,F
4217,A
4218,I
4219,I
4220,A
4221,C
4222,D
4223,D
4224,F
4225,A
4226,G
4227,I
4228,C
4229,B
4230,H
4231,I
4232,D
4233,F
4234,D
4235,B
4236,A
4237,G
4238,F
4239,B
4240,L
4241,G
4242,I
4243,B
4244,C
4245,C
4246,E
4247,L
4248,L
4249,F
4250,C
4251,D
4252,E
4253,A
4254,H
4255,F
4256,I
4257,F
4258,C
4259,G
4260,H
4261,F
4262,I
4263,L
4264,C
4265,F
4266,D
4267,E
4268,F
4269,G
4270,E
4271,F
4272,A
4273,C
4274,A
4275,D
4276,L
4277,L
4278,D
4279,E
4280,A
4281,G
4282,D
4283,B
4284,E
4285,D
4286,B
4287,B
4288,I
4289,C
4290,F
4291,E
4292,A
4293,E
4294,F
4295,B
4296,I
4297,B
4298,H
4299,E
4300,E
4301,B
4302,H
4303,A
4304,G
4305,I
4306,H
4307,B
4308,F
4309,L
4310,A
4311,I
4312,E
4313,A
4314,C
4315,L
4316,E
4317,F
4318,F
4319,F
4320,E
4321,D
4322,D
4323,H
4324,D
4325,E
4326,F
4327,E
4328,C
4329,D
4330,F
4331,D
4332,B
4333,E
4334,I
4335,D
4336,B
4337,C
4338,I
4339,C
4340,L
4341,A
4342,F
4343,L
4344,D
4345,C
4346,I
4347,D
4348,D
4349,L
4350,L
4351,E
4352,C
4353,F
4354,A
4355,D
4356,G
4357,D
4358,F
4359,I
4360,L
4361,H
4362,H
4363,I
4364,I
4365,F
4366,B
4367,B
4368,C
4369,C
4370,B
4371,A
4372,C
4373,C
4374,G
4375,E
4376,I
4377,B
4378,L
4379,H
4380,L
4381,E
4382,B
4383,G
4384,L
4385,L
4386,A
4387,D
4388,L
4389,G
4390,A
4391,L
4392,A
4393,G
4394,I
4395,C
4396,A
4397,I
4398,G
4399,A
4400,B
4401,F
4402,H
4403,G
4404,F
4405,D
4406,L
4407,A
4408,I
4409,B
4410,D
4411,F
4412,A
4413,L
4414,I
4415,A
4416,F
4417,C
4418,B
4419,I
4420,D
4421,H
4422,D
4423,C
4424,D
4425,D
4426,A
4427,A
4428,E
4429,I
4430,I
4431,I
4432,I
4433,G
4434,E
4435,C
4436,B
4437,H
4438,H
4439,I
4440,D
4441,L
4442,F
4443,L
4444,I
4445,A
4446,D
4447,D
4448,D
4449,D
4450,H
4451,D
4452,A
4453,F
4454,A
4455,I
4456,E
4457,B
4458,D
4459,B
4460,H
4461,H
4462,L
4463,B
4464,I
4465,A
4466,H
4467,C
4468,F
4469,E
4470,D
4471,L
4472,B
4473,A
4474,A
4475,D
4476,D
4477,L
4478,F
4479,D
4480,E
4481,L
4482,I
4483,L
4484,G
4485,H
4486,D
4487,L
4488,A
4489,D
4490,D
4491,E
4492,L
4493,A
4494,H
4495,H
4496,F
4497,F
4498,B
4499,C
4500,F
4501,C
4502,G
4503,F
4504,I
4505,L
4506,C
4507,D
4508,F
4509,I
4510,D
4511,G
4512,B
4513,E
4514,D
4515,E
4516,D
4517,I
4518,B
4519,F
4520,D
4521,D
4522,I
4523,E
4524,C
4525,E
4526,H
4527,B
4528,E
4529,A
4530,H
4531,I
4532,H
4533,A
4534,B
4535,F
4536,B
4537,E
4538,E
4539,F
4540,L
4541,D
4542,A
4543,G
4544,L
4545,I
4546,E
4547,I
4548,E
4549,C
4550,H
4551,G
4552,G
4553,H
4554,C
4555,I
4556,C
4557,C
4558,H
4559,A
4560,F
4561,L
4562,F
4563,B
4564,H
4565,H
4566,E
4567,F
4568,H
4569,E
4570,C
4571,L
4572,G
4573,D
4574,F
4575,D
4576,D
4577,H
4578,G
4579,E
4580,L
4581,D
4582,F
4583,F
4584,D
4585,H
4586,L
4587,L
4588,L
4589,B
4590,D
4591,D
4592,D
4593,G
4594,G
4595,I
4596,A
4597,E
4598,A
4599,A
4600,G
4601,D
4602,B
4603,H
4604,B
4605,G
4606,G
4607,G
4608,A
4609,G
4610,D
4611,B
4612,D
4613,I
4614,F
4615,D
4616,A
4617,G
4618,G
4619,L
4620,D
4621,C
4622,E
4623,D
4624,B
4625,E
4626,F
4627,B
4628,H
4629,A
4630,E
4631,I
4632,H
4633,C
4634,F
4635,C
4636,C
4637,E
4638,G
4639,G
4640,H
4641,E
4642,L
4643,F
4644,F
4645,H
4646,E
4647,A
4648,L
4649,D
4650,D
4651,H
4652,F
4653,B
4654,F
4655,I
4656,I
4657,E
4658,D
4659,B
4660,G
4661,D
4662,C
4663,L
4664,B
4665,L
4666,G
4667,B
4668,G
4669,I
4670,G
4671,L
4672,A
4673,A
4674,G
4675,D
4676,L
4677,I
4678,G
4679,B
4680,C
4681,I
4682,F
4683,L
4684,A
4685,F
4686,H
4687,I
4688,F
4689,H
4690,I
4691,B
4692,H
4693,E
4694,H
4695,H
4696,B
4697,A
4698,C
4699,I
4700,H
4701,A
4702,A
4703,H
4704,L
4705,B
4706,H
4707,L
4708,A
4709,F
4710,B
4711,A
4712,E
4713,G
4714,D
4715,F
4716,A
4717,I
4718,C
4719,H
4720,E
4721,B
4722,A
4723,I
4724,I
4725,B
4726,I
4727,F
4728,L
4729,I
4730,C
4731,E
4732,E
4733,G
4734,C
4735,A
4736,F
4737,C
4738,L
4739,F
4740,F
4741,L
4742,E
4743,E
4744,F
4745,B
4746,C
4747,B
4748,D
4749,H
4750,G
4751,C
4752,G
4753,B
4754,B
4755,E
4756,C
4757,L
4758,F
4759,D
4760,G
4761,E
4762,A
4763,D
4764,C
4765,D
4766,L
4767,E
4768,L
4769,I
4770,A
4771,H
4772,F
4773,L
4774,B
4775,G
4776,F
4777,D
4778,F
4779,A
4780,I
4781,D
4782,E
4783,G
4784,B
4785,I
4786,I
4787,E
4788,G
4789,H
4790,H
4791,F
4792,B
4793,I
4794,I
4795,A
4796,I
4797,G
4798,A
4799,F
4800,G
4801,A
4802,G
4803,E
4804,E
4805,H
4806,F
4807,F
4808,E
4809,E
4810,B
4811,G
4812,B
4813,H
4814,C
4815,E
4816,F
4817,H
4818,I
4819,G
4820,D
4821,I
4822,A
4823,H
4824,D
4825,H
4826,A
4827,D
4828,E
4829,C
4830,C
4831,L
4832,H
4833,I
4834,C
4835,C
4836,H
4837,L
4838,F
4839,E
4840,I
4841,L
4842,A
4843,L
4844,F
4845,I
4846,G
4847,B
4848,F
4849,A
4850,C
4851,D
4852,A
4853,F
4854,B
4855,A
4856,B
4857,D
4858,E
4859,I
4860,C
4861,F
4862,H
4863,A
4864,E
4865,C
4866,A
4867,B
4868,C
4869,H
4870,D
4871,E
4872,I
4873,L
4874,G
4875,F
4876,H
4877,D
4878,D
4879,G
4880,H
4881,L
4882,A
4883,H
4884,B
4885,A
4886,H
4887,I
4888,I
4889,H
4890,G
4891,E
4892,H
4893,I
4894,G
4895,L
4896,H
4897,I
4898,L
4899,L
4900,L
4901,C
4902,L
4903,C
4904,D
4905,I
4906,I
4907,C
4908,F
4909,F
4910,B
4911,A
4912,L
4913,H
4914,I
4915,C
4916,I
4917,E
4918,I
4919,B
4920,I
4921,D
4922,G
4923,A
4924,L
4925,L
4926,H
4927,I
4928,G
4929,E
4930,D
4931,F
4932,C
4933,I
4934,F
4935,E
4936,C
4937,G
4938,C
4939,D
4940,B
4941,I
4942,A
4943,A
4944,E
4945,L
4946,F
4947,B
4948,I
4949,I
4950,G
4951,A
4952,B
4953,E
4954,B
4955,F
4956,C
4957,L
4958,G
4959,L
4960,A
4961,H
4962,A
4963,E
4964,D
4965,E
4966,G
4967,E
4968,G
4969,F
4970,L
4971,C
4972,B
4973,B
4974,L
4975,I
4976,D
4977,A
4978,G
4979,E
4980,B
4981,E
4982,I
4983,A
4984,C
4985,A
4986,L
4987,I
4988,H
4989,H
4990,L
4991,E
4992,G
4993,L
4994,I
4995,D
4996,H
4997,L
4998,H
4999,L
5000,I
5001,B
5002,D
5003,C
5004,D
5005,F
5006,B
5007,L
5008,F
5009,G
5010,F
5011,L
5012,H
5013,I
5014,H
5015,I
5016,F
5017,C
5018,E
5019,F
5020,B
5021,I
5022,C
5023,H
5024,G
5025,G
5026,L
5027,I
5028,C
5029,I
5030,H
5031,I
5032,H
5033,D
5034,B
5035,A
5036,B
5037,F
5038,F
5039,E
5040,G
5041,B
5042,B
5043,E
5044,A
5045,D
5046,E
5047,D
5048,D
5049,D
5050,L
5051,A
5052,A
5053,I
5054,C
5055,B
5056,G
5057,A
5058,G
5059,L
5060,A
5061,H
5062,E
5063,E
5064,A
5065,G
5066,A
5067,B
5068,A
5069,L
5070,F
5071,L
5072,D
5073,G
5074,I
5075,B
5076,C
5077,B
5078,C
5079,H
5080,B
5081,C
5082,H
5083,B
5084,H
5085,E
5086,F
5087,I
5088,F
5089,C
5090,L
5091,E
5092,C
5093,A
5094,H
5095,B
5096,L
5097,H
5098,C
5099,G
5100,F
5101,F
5102,C
5103,H
5104,E
5105,L
5106,A
5107,H
5108,A
5109,C
5110,L
5111,G
5112,D
5113,D
5114,F
5115,I
5116,I
5117,I
5118,H
5119,E
5120,C
5121,E
5122,L
5123,C
5124,H
5125,C
5126,A
5127,G
5128,A
5129,F
5130,F
5131,G
5132,E
5133,B
5134,F
5135,B
5136,A
5137,G
5138,F
5139,F
5140,L
5141,L
5142,D
5143,A
5144,C
5145,H
5146,G
5147,E
5148,D
5149,L
5150,D
5151,I
5152,A
5153,G
5154,C
5155,B
5156,L
5157,D
5158,D
5159,L
5160,B
5161,I
5162,E
5163,C
5164,H
5165,L
5166,D
5167,E
5168,F
5169,A
5170,F
5171,A
5172,D
5173,H
5174,G
5175,C
5176,F
5177,L
5178,H
5179,C
5180,D
5181,L
5182,B
5183,F
5184,C
5185,D
5186,F
5187,I
5188,A
5189,H
5190,C
5191,H
5192,G
5193,L
5194,I
5195,F
5196,D
5197,A
5198,F
5199,B
5200,I
5201,I
5202,D
5203,F
5204,C
5205,B
5206,L
5207,L
5208,I
5209,B
5210,F
5211,C
5212,I
5213,E
5214,G
5215,I
5216,D
5217,F
5218,H
5219,D
5220,G
5221,D
5222,F
5223,C
5224,L
5225,I
5226,F
5227,H
5228,H
5229,G
5230,F
5231,D
5232,D
5233,L
5234,L
5235,H
5236,H
5237,H
5238,B
5239,E
5240,I
5241,B
5242,H
5243,I
5244,E
5245,D
5246,I
5247,F
5248,B
5249,L
5250,B
5251,D
5252,F
5253,B
5254,H
5255,F
5256,I
5257,A
5258,C
5259,H
5260,L
5261,H
5262,F
5263,A
5264,F
5265,H
5266,I
5267,B
5268,B
5269,E
5270,H
5271,D
5272,D
5273,I
5274,G
5275,G
5276,F
5277,A
5278,A
5279,E
5280,C
5281,I
5282,F
5283,A
5284,F
5285,F
5286,G
5287,E
5288,G
5289,I
5290,I
5291,F
5292,E
5293,B
5294,I
5295,C
5296,B
5297,F
5298,G
5299,A
5300,G
5301,D
5302,L
5303,A
5304,G
5305,L
5306,G
5307,B
5308,G
5309,C
5310,I
5311,H
5312,A
5313,H
5314,G
5315,H
5316,D
5317,I
5318,B
5319,G
5320,A
5321,I
5322,L
5323,C
5324,E
5325,H
5326,E
5327,H
5328,B
5329,D
5330,A
5331,G
5332,F
5333,A
5334,B
5335,A
5336,L
5337,H
5338,H
5339,E
5340,L
5341,D
5342,A
5343,H
5344,I
5345,D
5346,B
5347,E
5348,D
5349,G
5350,G
5351,H
5352,B
5353,L
5354,E
5355,E
5356,H
5357,D
5358,L
5359,E
5360,I
5361,C
5362,L
5363,L
5364,I
5365,L
5366,F
5367,A
5368,F
5369,L
5370,H
5371,E
5372,D
5373,B
5374,L
5375,G
5376,D
5377,F
5378,C
5379,L
5380,D
5381,I
5382,G
5383,A
5384,D
5385,I
5386,E
5387,A
5388,G
5389,B
5390,A
5391,I
5392,B
5393,I
5394,A
5395,B
5396,C
5397,F
5398,L
5399,A
5400,B
5401,E
5402,G
5403,L
5404,L
5405,F
5406,I
5407,B
5408,D
5409,L
5410,B
5411,A
5412,E
5413,E
5414,G
5415,G
5416,L
5417,H
5418,D
5419,L
5420,L
5421,B
5422,D
5423,B
5424,F
5425,E
5426,G
5427,H
5428,A
5429,D
5430,H
5431,G
5432,G
5433,G
5434,A
5435,C
5436,B
5437,H
5438,C
5439,A
5440,A
5441,I
5442,B
5443,G
5444,D
5445,C
5446,D
5447,D
5448,D
5449,I
5450,I
5451,F
5452,B
5453,F
5454,B
5455,A
5456,H
5457,I
5458,E
5459,L
5460,A
5461,B
5462,C
5463,C
5464,L
5465,H
5466,H
5467,I
5468,F
5469,L
5470,B
5471,G
5472,H
5473,I
5474,C
5475,G
5476,H
5477,E
5478,G
5479,F
5480,C
5481,L
5482,B
5483,G
5484,C
5485,F
5486,F
5487,D
5488,C
5489,L
5490,G
5491,G
5492,E
5493,B
5494,D
5495,G
5496,A
5497,E
5498,H
5499,I
5500,B
5501,D
5502,F
5503,B
5504,G
5505,F
5506,B
5507,I
5508,G
5509,A
5510,C
5511,L
5512,H
5513,I
5514,C
5515,A
5516,H
5517,I
5518,H
5519,D
5520,B
5521,B
5522,B
5523,G
5524,E
5525,H
5526,E
5527,I
5528,D
5529,G
5530,L
5531,A
5532,H
5533,B
5534,A
5535,E
5536,A
5537,B
5538,G
5539,A
5540,L
5541,I
5542,C
5543,I
5544,F
5545,D
5546,D
5547,I
5548,D
5549,B
5550,B
5551,H
5552,H
5553,B
5554,L
5555,D
5556,I
5557,G
5558,H
5559,C
5560,D
5561,A
5562,G
5563,A
5564,H
5565,I
5566,G
5567,I
5568,D
5569,H
5570,L
5571,G
5572,A
5573,L
5574,G
5575,A
5576,G
5577,I
5578,L
5579,C
5580,B
5581,A
5582,B
5583,F
5584,B
5585,A
5586,D
5587,D
5588,F
5589,D
5590,D
5591,B
5592,L
5593,L
5594,I
5595,C
5596,A
5597,D
5598,C
5599,I
5600,A
5601,B
5602,B
5603,E
5604,E
5605,L
5606,B
5607,H
5608,E
5609,F
5610,D
5611,A
5612,B
5613,H
5614,D
5615,E
5616,H
5617,G
5618,C
5619,B
5620,G
5621,L
5622,H
5623,A
5624,D
5625,H
5626,B
5627,L
5628,F
5629,C
5630,C
5631,G
5632,F
5633,I
5634,B
5635,B
5636,C
5637,B
5638,C
5639,C
5640,C
5641,H
5642,B
5643,F
5644,E
5645,G
5646,A
5647,D
5648,C
5649,C
5650,F
5651,E
5652,E
5653,B
5654,B
5655,G
5656,D
5657,F
5658,G
5659,E
5660,I
5661,A
5662,B
5663,L
5664,H
5665,A
5666,L
5667,L
5668,H
5669,L
5670,D
5671,C
5672,A
5673,D
5674,F
5675,L
5676,B
5677,A
5678,H
5679,L
5680,C
5681,H
5682,F
5683,G
5684,B
5685,H
5686,L
5687,I
5688,A
5689,F
5690,E
5691,E
5692,C
5693,L
5694,L
5695,L
5696,E
5697,I
5698,L
5699,F
5700,L
5701,G
5702,C
5703,F
5704,H
5705,D
5706,D
5707,I
5708,D
5709,F
5710,E
5711,E
5712,B
5713,D
5714,B
5715,F
5716,L
5717,F
5718,L
5719,H
5720,B
5721,G
5722,A
5723,L
5724,F
5725,G
5726,I
5727,H
5728,L
5729,C
5730,A
5731,A
5732,A
5733,A
5734,B
5735,H
5736,I
5737,B
5738,C
5739,F
5740,F
5741,E
5742,G
5743,F
5744,E
5745,G
5746,C
5747,F
5748,L
5749,E
5750,F
5751,C
5752,F
5753,D
5754,A
5755,I
5756,D
5757,B
5758,C
5759,E
5760,C
5761,C
5762,C
5763,I
5764,E
5765,C
5766,C
5767,A
5768,H
5769,G
5770,H
5771,D
5772,A
5773,C
5774,B
5775,E
5776,D
5777,E
5778,F
5779,A
5780,B
5781,E
5782,H
5783,A
5784,I
5785,F
5786,B
5787,B
5788,F
5789,D
5790,I
5791,A
5792,F
5793,F
5794,G
5795,A
5796,B
5797,A
5798,A
5799,B
5800,A
5801,F
5802,I
5803,G
5804,C
5805,C
5806,G
5807,C
5808,L
5809,A
5810,D
5811,L
5812,A
5813,E
5814,B
5815,A
5816,H
5817,L
5818,C
5819,I
5820,H
5821,C
5822,C
5823,I
5824,L
5825,F
5826,E
5827,I
5828,E
5829,H
5830,C
5831,B
5832,E
5833,C
5834,I
5835,G
5836,C
5837,F
5838,C
5839,B
5840,E
5841,I
5842,H
5843,I
5844,D
5845,B
5846,H
5847,B
5848,G
5849,G
5850,H
5851,H
5852,A
5853,I
5854,G
5855,I
5856,F
5857,C
5858,B
5859,B
5860,G
5861,G
5862,E
5863,L
5864,B
5865,L
5866,E
5867,L
5868,A
5869,A
5870,G
5871,F
5872,B
5873,C
5874,L
5875,B
5876,A
5877,L
5878,C
5879,L
5880,F
5881,H
5882,A
5883,L
5884,H
5885,B
5886,H
5887,H
5888,I
5889,H
5890,D
5891,I
5892,C
5893,I
5894,I
5895,D
5896,H
5897,G
5898,A
5899,B
5900,I
5901,F
5902,G
5903,H
5904,G
5905,H
5906,E
5907,F
5908,H
5909,H
5910,C
5911,E
5912,A
5913,L
5914,G
5915,F
5916,D
5917,F
5918,B
5919,C
5920,I
5921,H
5922,C
5923,A
5924,G
5925,B
5926,F
5927,E
5928,I
5929,G
5930,B
5931,I
5932,F
5933,D
5934,B
5935,F
5936,F
5937,I
5938,D
5939,A
5940,L
5941,D
5942,D
5943,D
5944,E
5945,I
5946,G
5947,L
5948,C
5949,B
5950,C
5951,G
5952,G
5953,L
5954,H
5955,C
5956,I
5957,B
5958,D
5959,G
5960,G
5961,A
5962,I
5963,A
5964,A
5965,E
5966,A
5967,C
5968,H
5969,D
5970,B
5971,C
5972,D
5973,C
5974,H
5975,I
5976,G
5977,A
5978,A
5979,H
5980,B
5981,C
5982,G
5983,H
5984,H
5985,A
5986,I
5987,L
5988,B
5989,I
5990,D
5991,I
5992,L
5993,L
5994,A
5995,G
5996,L
5997,E
5998,B
5999,D
6000,G
6001,G
6002,H
6003,G
6004,C
6005,D
6006,C
6007,H
6008,I
6009,L
6010,D
6011,E
6012,A
6013,A
6014,I
6015,B
6016,C
6017,C
6018,H
6019,E
6020,D
6021,H
6022,E
6023,D
6024,E
6025,G
6026,E
6027,I
6028,C
6029,I
6030,F
6031,C
6032,C
6033,C
6034,H
6035,I
6036,I
6037,H
6038,G
6039,B
6040,G
6041,L
6042,E
6043,C
6044,B
6045,D
6046,B
6047,B
6048,F
6049,L
6050,H
6051,F
6052,B
6053,B
6054,I
6055,F
6056,L
6057,D
6058,G
6059,L
6060,L
6061,C
6062,A
6063,A
6064,C
6065,H
6066,F
6067,I
6068,E
6069,B
6070,I
6071,A
6072,D
6073,E
6074,G
6075,C
6076,L
6077,G
6078,D
6079,E
6080,B
6081,B
6082,E
6083,B
6084,G
6085,B
6086,L
6087,B
6088,B
6089,C
6090,B
6091,G
6092,L
6093,E
6094,A
6095,L
6096,C
6097,C
6098,F
6099,G
6100,L
6101,B
6102,L
6103,F
6104,C
6105,I
6106,F
6107,G
6108,H
6109,E
6110,D
6111,H
6112,H
6113,H
6114,C
6115,G
6116,F
6117,F
6118,C
6119,G
6120,E
6121,C
6122,E
6123,F
6124,H
6125,E
6126,F
6127,I
6128,H
6129,B
6130,D
6131,H
6132,B
6133,D
6134,L
6135,B
6136,C
6137,H
6138,D
6139,E
6140,H
6141,E
6142,G
6143,F
6144,F
6145,L
6146,H
6147,A
6148,L
6149,E
6150,E
6151,B
6152,G
6153,F
6154,E
6155,C
6156,H
6157,B
6158,D
6159,C
6160,D
6161,E
6162,D
6163,L
6164,F
6165,F
6166,L
6167,D
6168,B
6169,I
6170,L
6171,F
6172,I
6173,C
6174,G
6175,E
6176,C
6177,A
6178,I
6179,F
6180,G
6181,H
6182,B
6183,I
6184,H
6185,F
6186,F
6187,G
6188,D
6189,E
6190,C
6191,D
6192,F
6193,H
6194,F
6195,D
6196,L
6197,F
6198,C
6199,I
6200,I
6201,F
6202,C
6203,C
6204,D
6205,L
6206,B
6207,I
6208,H
6209,C
6210,G
6211,I
6212,H
6213,G
6214,L
6215,A
6216,G
6217,G
6218,G
6219,I
6220,F
6221,D
6222,G
6223,A
6224,L
6225,G
6226,D
6227,H
6228,E
6229,F
6230,C
6231,I
6232,L
6233,H
6234,L
6235,G
6236,L
6237,F
6238,B
6239,F
6240,L
6241,G
6242,H
6243,L
6244,L
6245,L
6246,L
6247,F
6248,F
6249,G
6250,F
6251,B
6252,I
6253,I
6254,F
6255,F
6256,C
6257,L
6258,A
6259,I
6260,F
6261,I
6262,D
6263,I
6264,A
6265,C
6266,C
6267,G
6268,B
6269,L
6270,F
6271,A
6272,C
6273,D
6274,D
6275,C
6276,F
6277,F
6278,H
6279,G
6280,H
6281,H
6282,H
6283,G
6284,L
6285,I
6286,E
6287,A
6288,A
6289,G
6290,F
6291,E
6292,H
6293,H
6294,I
6295,D
6296,C
6297,C
6298,A
6299,A
6300,G
6301,C
6302,D
6303,A
6304,H
6305,G
6306,C
6307,B
6308,G
6309,A
6310,I
6311,G
6312,B
6313,A
6314,L
6315,E
6316,C
6317,A
6318,D
6319,C
6320,G
6321,B
6322,I
6323,G
6324,H
6325,I
6326,G
6327,E
6328,B
6329,B
6330,H
6331,H
6332,L
6333,F
6334,D
6335,D
6336,B
6337,E
6338,G
6339,H
6340,A
6341,F
6342,L
6343,H
6344,B
6345,B
6346,F
6347,B
6348,A
6349,F
6350,E
6351,H
6352,A
6353,C
6354,H
6355,C
6356,F
6357,D
6358,L
6359,F
6360,H
6361,C
6362,A
6363,I
6364,A
6365,C
6366,E
6367,A
6368,F
6369,L
6370,A
6371,H
6372,L
6373,E
6374,I
6375,H
6376,B
6377,A
6378,E
6379,E
6380,E
6381,G
6382,F
6383,D
6384,L
6385,E
6386,E
6387,H
6388,H
6389,B
6390,F
6391,I
6392,C
6393,H
6394,F
6395,H
6396,I
6397,D
6398,E
6399,G
6400,G
6401,C
6402,H
6403,E
6404,B
6405,B
6406,C
6407,D
6408,A
6409,H
6410,B
6411,C
6412,A
6413,A
6414,B
6415,L
6416,E
6417,D
6418,B
6419,G
6420,A
6421,B
6422,H
6423,A
6424,L
6425,D
6426,B
6427,L
6428,A
6429,L
6430,E
6431,I
6432,F
6433,E
6434,I
6435,I
6436,C
6437,G
6438,E
6439,B
6440,F
6441,E
6442,F
6443,L
6444,A
6445,E
6446,L
6447,I
6448,C
6449,G
6450,F
6451,I
6452,L
6453,C
6454,A
6455,G
6456,G
6457,F
6458,I
6459,C
6460,H
6461,E
6462,H
6463,C
6464,H
6465,G
6466,L
6467,F
6468,L
6469,C
6470,C
6471,D
6472,G
6473,G
6474,I
6475,G
6476,F
6477,L
6478,B
6479,L
6480,B
6481,C
6482,F
6483,A
6484,E
6485,D
6486,L
6487,D
6488,B
6489,H
6490,B
6491,L
6492,B
6493,C
6494,F
6495,I
6496,D
6497,C
6498,G
6499,H
6500,A
6501,B
6502,H
6503,D
6504,E
6505,A
6506,B
6507,F
6508,A
6509,H
6510,B
6511,B
6512,E
6513,I
6514,I
6515,B
6516,B
6517,D
6518,A
6519,E
6520,E
6521,B
6522,G
6523,G
6524,A
6525,H
6526,F
6527,A
6528,H
6529,E
6530,G
6531,H
6532,F
6533,B
6534,C
6535,A
6536,D
6537,E
6538,H
6539,H
6540,D
6541,I
6542,G
6543,C
6544,E
6545,A
6546,C
6547,G
6548,D
6549,A
6550,G
6551,A
6552,D
6553,H
6554,H
6555,H
6556,I
6557,E
6558,F
6559,A
6560,L
6561,I
6562,D
6563,D
6564,H
6565,D
6566,E
6567,L
6568,D
6569,F
6570,B
6571,H
6572,G
6573,E
6574,H
6575,E
6576,C
6577,I
6578,I
6579,G
6580,A
6581,B
6582,F
6583,I
6584,C
6585,F
6586,A
6587,G
6588,H
6589,A
6590,F
6591,G
6592,E
6593,F
6594,B
6595,L
6596,A
6597,A
6598,B
6599,E
6600,E
6601,L
6602,C
6603,B
6604,L
6605,D
6606,E
6607,D
6608,E
6609,C
6610,D
6611,G
6612,C
6613,F
6614,G
6615,L
6616,L
6617,G
6618,L
6619,A
6620,F
6621,E
6622,A
6623,D
6624,L
6625,C
6626,G
6627,I
6628,I
6629,A
6630,E
6631,C
6632,C
6633,L
6634,G
6635,D
6636,I
6637,A
6638,F
6639,A
6640,F
6641,I
6642,H
6643,C
6644,B
6645,B
6646,B
6647,E
6648,L
6649,D
6650,L
6651,D
6652,L
6653,E
6654,A
6655,F
6656,D
6657,C
6658,L
6659,F
6660,I
6661,D
6662,I
6663,E
6664,C
6665,F
6666,B
6667,E
6668,E
6669,I
6670,A
6671,D
6672,E
6673,I
6674,E
6675,C
6676,A
6677,B
6678,D
6679,H
6680,D
6681,C
6682,F
6683,A
6684,A
6685,G
6686,I
6687,G
6688,E
6689,E
6690,G
6691,H
6692,H
6693,G
6694,H
6695,G
6696,F
6697,A
6698,L
6699,L
6700,D
6701,B
6702,G
6703,E
6704,H
6705,A
6706,C
6707,A
6708,D
6709,G
6710,C
6711,A
6712,L
6713,E
6714,I
6715,H
6716,L
6717,D
6718,L
6719,I
6720,E
6721,A
6722,L
6723,H
6724,F
6725,A
6726,D
6727,B
6728,H
6729,H
6730,G
6731,L
6732,E
6733,H
6734,D
6735,G
6736,E
6737,B
6738,H
6739,H
6740,B
6741,G
6742,D
6743,F
6744,E
6745,B
6746,G
6747,A
6748,H
6749,C
6750,G
6751,F
6752,C
6753,B
6754,C
6755,F
6756,D
6757,B
6758,C
6759,G
6760,L
6761,H
6762,G
6763,A
6764,A
6765,L
6766,F
6767,G
6768,I
6769,E
6770,H
6771,I
6772,D
6773,F
6774,I
6775,L
6776,L
6777,D
6778,H
6779,D
6780,E
6781,D
6782,G
6783,D
6784,H
6785,I
6786,D
6787,C
6788,L
6789,C
6790,E
6791,L
6792,L
6793,A
6794,D
6795,G
6796,D
6797,F
6798,C
6799,D
6800,H
6801,B
6802,G
6803,L
6804,E
6805,A
6806,L
6807,G
6808,B
6809,F
6810,C
6811,E
6812,E
6813,B
6814,C
6815,A
6816,H
6817,C
6818,I
6819,L
6820,I
6821,F
6822,B
6823,A
6824,H
6825,C
6826,G
6827,H
6828,B
6829,G
6830,I
6831,C
6832,D
6833,G
6834,A
6835,L
6836,B
6837,D
6838,I
6839,B
6840,C
6841,B
6842,L
6843,A
6844,D
6845,L
6846,L
6847,G
6848,E
6849,I
6850,B
6851,G
6852,H
6853,H
6854,I
6855,C
6856,C
6857,G
6858,E
6859,H
6860,G
6861,B
6862,B
6863,G
6864,H
6865,G
6866,L
6867,C
6868,C
6869,C
6870,B
6871,C
6872,B
6873,G
6874,H
6875,F
6876,G
6877,A
6878,F
6879,I
6880,C
6881,H
6882,D
6883,F
6884,C
6885,B
6886,B
6887,I
6888,I
6889,B
6890,C
6891,F
6892,A
6893,A
6894,C
6895,F
6896,G
6897,E
6898,I
6899,H
6900,I
6901,I
6902,B
6903,D
6904,E
6905,A
6906,F
6907,L
6908,H
6909,I
6910,G
6911,I
6912,L
6913,G
6914,L
6915,D
6916,H
6917,B
6918,F
6919,B
6920,B
6921,B
6922,I
6923,I
6924,D
6925,E
6926,D
6927,C
6928,C
6929,F
6930,G
6931,L
6932,I
6933,B
6934,F
6935,I
6936,F
6937,B
6938,A
6939,E
6940,A
6941,H
6942,L
6943,B
6944,H
6945,F
6946,B
6947,L
6948,D
6949,G
6950,A
6951,E
6952,A
6953,G
6954,L
6955,L
6956,C
6957,B
6958,E
6959,E
6960,H
6961,C
6962,G
6963,D
6964,B
6965,A
6966,C
6967,F
6968,E
6969,G
6970,B
6971,B
6972,L
6973,B
6974,G
6975,C
6976,H
6977,I
6978,G
6979,A
6980,E
6981,B
6982,B
6983,H
6984,H
6985,C
6986,I
6987,C
6988,G
6989,A
6990,F
6991,D
6992,F
6993,H
6994,G
6995,E
6996,B
6997,E
6998,F
6999,A
7000,B
7001,H
7002,B
7003,I
7004,B
7005,E
7006,H
7007,E
7008,I
7009,F
7010,I
7011,H
7012,B
7013,L
7014,H
7015,G
7016,F
7017,G
7018,L
7019,C
7020,C
7021,B
7022,C
7023,D
7024,A
7025,A
7026,C
7027,F
7028,I
7029,G
7030,E
7031,D
7032,E
7033,B
7034,L
7035,E
7036,D
7037,B
7038,H
7039,C
7040,B
7041,H
7042,L
7043,D
7044,E
7045,A
7046,H
7047,L
7048,L
7049,B
7050,E
7051,H
7052,B
7053,C
7054,C
7055,B
7056,L
7057,I
7058,A
7059,F
7060,A
7061,A
7062,E
7063,G
7064,B
7065,H
7066,A
7067,I
7068,L
7069,G
7070,A
7071,A
7072,E
7073,F
7074,F
7075,B
7076,D
7077,A
7078,L
7079,E
7080,C
7081,I
7082,B
7083,H
7084,G
7085,L
7086,I
7087,H
7088,A
7089,I
7090,E
7091,G
7092,C
7093,C
7094,F
7095,F
7096,D
7097,B
7098,L
7099,H
7100,F
7101,E
7102,C
7103,G
7104,H
7105,C
7106,E
7107,C
7108,H
7109,C
7110,B
7111,F
7112,L
7113,E
7114,E
7115,G
7116,E
7117,E
7118,D
7119,D
7120,C
7121,D
7122,G
7123,I
7124,A
7125,F
7126,L
7127,B
7128,L
7129,H
7130,F
7131,D
7132,F
7133,B
7134,G
7135,G
7136,C
7137,D
7138,A
7139,F
7140,D
7141,B
7142,F
7143,B
7144,H
7145,A
7146,B
7147,L
7148,H
7149,A
7150,I
7151,A
7152,E
7153,B
7154,H
7155,I
7156,E
7157,D
7158,G
7159,F
7160,D
7161,H
7162,G
7163,F
7164,G
7165,B
7166,H
7167,D
7168,F
7169,D
7170,E
7171,A
7172,B
7173,F
7174,E
7175,L
7176,C
7177,D
7178,L
7179,D
7180,E
7181,L
7182,A
7183,C
7184,C
7185,F
7186,G
7187,G
7188,I
7189,H
7190,H
7191,D
7192,C
7193,G
7194,I
7195,E
7196,H
7197,I
7198,H
7199,I
7200,F
7201,H
7202,B
7203,I
7204,C
7205,B
7206,I
7207,H
7208,C
7209,D
7210,H
7211,F
7212,E
7213,D
7214,A
7215,B
7216,D
7217,F
7218,I
7219,I
7220,C
7221,I
7222,H
7223,D
7224,F
7225,L
7226,I
7227,E
7228,D
7229,H
7230,D
7231,C
7232,B
7233,F
7234,H
7235,F
7236,G
7237,B
7238,G
7239,L
7240,D
7241,G
7242,G
7243,H
7244,D
7245,C
7246,B
7247,F
7248,F
7249,C
7250,D
7251,E
7252,D
7253,L
7254,C
7255,D
7256,L
7257,A
7258,C
7259,F
7260,I
7261,G
7262,B
7263,F
7264,F
7265,H
7266,G
7267,D
7268,I
7269,L
7270,A
7271,L
7272,A
7273,C
7274,D
7275,A
7276,I
7277,C
7278,A
7279,C
7280,B
7281,A
7282,E
7283,E
7284,I
7285,L
7286,E
7287,I
7288,I
7289,B
7290,E
7291,G
7292,L
7293,E
7294,G
7295,F
7296,I
7297,B
7298,D
7299,L
7300,D
7301,I
7302,B
7303,H
7304,A
7305,B
7306,D
7307,B
7308,H
7309,H
7310,C
7311,L
7312,G
7313,A
7314,H
7315,I
7316,C
7317,E
7318,E
7319,F
7320,E
7321,A
7322,F
7323,B
7324,B
7325,I
7326,C
7327,L
7328,F
7329,D
7330,I
7331,I
7332,D
7333,I
7334,L
7335,D
7336,E
7337,L
7338,D
7339,C
7340,A
7341,C
7342,L
7343,H
7344,I
7345,E
7346,G
7347,I
7348,L
7349,E
7350,D
7351,E
7352,D
7353,E
7354,C
7355,I
7356,H
7357,L
7358,L
7359,B
7360,H
7361,L
7362,D
7363,D
7364,F
7365,C
7366,H
7367,I
7368,H
7369,G
7370,L
7371,B
7372,C
7373,C
7374,A
7375,F
7376,G
7377,C
7378,L
7379,G
7380,E
7381,H
7382,I
7383,H
7384,F
7385,D
7386,B
7387,B
7388,F
7389,H
7390,G
7391,H
7392,A
7393,L
7394,L
7395,C
7396,A
7397,L
7398,L
7399,H
7400,B
7401,H
7402,I
7403,G
7404,D
7405,C
7406,B
7407,G
7408,C
7409,I
7410,D
7411,F
7412,C
7413,F
7414,F
7415,H
7416,I
7417,A
7418,D
7419,B
7420,B
7421,I
7422,I
7423,F
7424,H
7425,G
7426,F
7427,A
7428,C
7429,I
7430,G
7431,D
7432,E
7433,E
7434,H
7435,C
7436,I
7437,I
7438,G
7439,F
7440,I
7441,C
7442,L
7443,D
7444,H
7445,H
7446,B
7447,G
7448,L
7449,F
7450,A
7451,C
7452,H
7453,B
7454,F
7455,E
7456,C
7457,G
7458,F
7459,I
7460,E
7461,A
7462,A
7463,A
7464,I
7465,G
7466,B
7467,L
7468,H
7469,F
7470,F
7471,G
7472,G
7473,E
7474,L
7475,L
7476,D
7477,D
7478,F
7479,H
7480,F
7481,I
7482,F
7483,L
7484,E
7485,L
7486,D
7487,I
7488,G
7489,I
7490,A
7491,D
7492,B
7493,G
7494,G
7495,C
7496,E
7497,D
7498,D
7499,C
7500,D
7501,B
7502,G
7503,C
7504,C
7505,G
7506,L
7507,C
7508,I
7509,F
7510,G
7511,E
7512,F
7513,F
7514,D
7515,B
7516,F
7517,I
7518,G
7519,C
7520,F
7521,A
7522,B
7523,A
7524,A
7525,E
7526,A
7527,I
7528,H
7529,L
7530,C
7531,I
7532,D
7533,L
7534,L
7535,L
7536,D
7537,G
7538,A
7539,E
7540,D
7541,D
7542,C
7543,G
7544,H
7545,I
7546,F
7547,C
7548,H
7549,H
7550,G
7551,A
7552,C
7553,C
7554,H
7555,I
7556,H
7557,A
7558,C
7559,F
7560,L
7561,H
7562,E
7563,B
7564,L
7565,I
7566,B
7567,G
7568,C
7569,E
7570,I
7571,A
7572,E
7573,F
7574,A
7575,D
7576,L
7577,G
7578,F
7579,C
7580,A
7581,D
7582,E
7583,I
7584,E
7585,C
7586,L
7587,L
7588,F
7589,F
7590,G
7591,E
7592,G
7593,C
7594,G
7595,G
7596,A
7597,A
7598,L
7599,I
7600,L
7601,D
7602,B
7603,A
7604,A
7605,I
7606,L
7607,D
7608,I
7609,G
7610,G
7611,E
7612,D
7613,D
7614,L
7615,L
7616,B
7617,F
7618,C
7619,D
7620,D
7621,D
7622,C
7623,L
7624,L
7625,E
7626,E
7627,L
7628,H
7629,E
7630,L
7631,E
7632,F
7633,G
7634,D
7635,A
7636,E
7637,E
7638,D
7639,I
7640,D
7641,H
7642,D
7643,I
7644,I
7645,H
7646,G
7647,G
7648,E
7649,G
7650,F
7651,F
7652,G
7653,B
7654,D
7655,E
7656,A
7657,A
7658,F
7659,A
7660,L
7661,E
7662,C
7663,G
7664,G
7665,G
7666,C
7667,H
7668,I
7669,A
7670,B
7671,L
7672,A
7673,H
7674,B
7675,H
7676,F
7677,G
7678,B
7679,G
7680,H
7681,A
7682,F
7683,D
7684,I
7685,A
7686,A
7687,L
7688,I
7689,E
7690,B
7691,A
7692,L
7693,H
7694,A
7695,A
7696,I
7697,L
7698,D
7699,H
7700,F
7701,A
7702,F
7703,L
7704,E
7705,D
7706,E
7707,G
7708,F
7709,G
7710,F
7711,L
7712,I
7713,G
7714,F
7715,C
7716,H
7717,H
7718,L
7719,L
7720,E
7721,D
7722,I
7723,L
7724,B
7725,D
7726,L
7727,H
7728,D
7729,H
7730,L
7731,D
7732,F
7733,E
7734,E
7735,L
7736,F
7737,I
7738,A
7739,C
7740,E
7741,D
7742,A
7743,C
7744,H
7745,A
7746,D
7747,D
7748,C
7749,C
7750,F
7751,C
7752,G
7753,H
7754,D
7755,E
7756,G
7757,E
7758,B
7759,D
7760,E
7761,G
7762,L
7763,E
7764,C
7765,B
7766,A
7767,D
7768,G
7769,C
7770,G
7771,D
7772,D
7773,L
7774,A
7775,D
7776,I
7777,A
7778,B
7779,I
7780,L
7781,E
7782,E
7783,C
7784,F
7785,B
7786,A
7787,A
7788,D
7789,A
7790,H
7791,I
7792,E
7793,E
7794,G
7795,H
7796,L
7797,H
7798,G
7799,A
7800,D
7801,E
7802,D
7803,F
7804,A
7805,H
7806,D
7807,C
7808,C
7809,L
7810,G
7811,H
7812,G
7813,L
7814,I
7815,F
7816,B
7817,L
7818,A
7819,F
7820,D
7821,E
7822,G
7823,A
7824,L
7825,A
7826,C
7827,D
7828,I
7829,E
7830,B
7831,D
7832,F
7833,C
7834,L
7835,I
7836,G
7837,G
7838,C
7839,B
7840,C
7841,H
7842,D
7843,D
7844,H
7845,G
7846,C
7847,E
7848,C
7849,B
7850,C
7851,B
7852,L
7853,D
7854,B
7855,D
7856,H
7857,I
7858,I
7859,E
7860,A
7861,F
7862,I
7863,H
7864,I
7865,L
7866,A
7867,F
7868,H
7869,F
7870,G
7871,B
7872,F
7873,H
7874,G
7875,L
7876,E
7877,G
7878,L
7879,L
7880,H
7881,D
7882,E
7883,C
7884,C
7885,I
7886,B
7887,D
7888,L
7889,L
7890,A
7891,B
7892,G
7893,L
7894,I
7895,F
7896,I
7897,F
7898,H
7899,C
7900,F
7901,A
7902,H
7903,B
7904,D
7905,C
7906,C
7907,F
7908,A
7909,I
7910,C
7911,B
7912,G
7913,H
7914,F
7915,F
7916,H
7917,B
7918,I
7919,D
7920,L
7921,B
7922,B
7923,F
7924,G
7925,F
7926,E
7927,H
7928,B
7929,G
7930,G
7931,C
7932,E
7933,G
7934,C
7935,D
7936,H
7937,H
7938,I
7939,C
7940,D
7941,C
7942,D
7943,H
7944,E
7945,D
7946,I
7947,D
7948,D
7949,I
7950,L
7951,L
7952,B
7953,D
7954,B
7955,F
7956,G
7957,E
7958,D
7959,G
7960,C
7961,L
7962,B
7963,L
7964,D
7965,A
7966,H
7967,H
7968,D
7969,D
7970,L
7971,F
7972,C
7973,C
7974,C
7975,A
7976,F
7977,I
7978,G
7979,F
7980,E
7981,L
7982,F
7983,F
7984,G
7985,A
7986,F
7987,I
7988,H
7989,L
7990,A
7991,B
7992,D
7993,D
7994,G
7995,E
7996,G
7997,F
7998,H
7999,A
8000,A
8001,C
8002,L
8003,L
8004,D
8005,C
8006,B
8007,H
8008,D
8009,A
8010,C
8011,G
8012,G
8013,F
8014,A
8015,F
8016,E
8017,F
8018,B
8019,A
8020,E
8021,G
8022,B
8023,F
8024,E
8025,E
8026,L
8027,D
8028,A
8029,F
8030,L
8031,D
8032,D
8033,C
8034,E
8035,D
8036,C
8037,C
8038,L
8039,A
8040,B
8041,G
8042,I
8043,E
8044,H
8045,D
8046,D
8047,C
8048,F
8049,E
8050,I
8051,F
8052,L
8053,L
8054,D
8055,F
8056,D
8057,G
8058,F
8059,F
8060,H
8061,E
8062,D
8063,D
8064,G
8065,C
8066,D
8067,I
8068,A
8069,B
8070,F
8071,D
8072,E
8073,F
8074,D
8075,A
8076,B
8077,H
8078,I
8079,E
8080,H
8081,E
8082,H
8083,F
8084,A
8085,L
8086,L
8087,G
8088,A
8089,L
8090,L
8091,H
8092,E
8093,C
8094,H
8095,I
8096,D
8097,E
8098,F
8099,L
8100,A
8101,L
8102,A
8103,B
8104,L
8105,H
8106,F
8107,L
8108,I
8109,I
8110,H
8111,E
8112,H
8113,B
8114,I
8115,B
8116,F
8117,F
8118,E
8119,D
8120,B
8121,L
8122,G
8123,L
8124,I
8125,B
8126,C
8127,G
8128,G
8129,D
8130,B
8131,E
8132,E
8133,B
8134,C
8135,B
8136,H
8137,E
8138,D
8139,B
8140,H
8141,B
8142,L
8143,D
8144,C
8145,D
8146,F
8147,I
8148,A
8149,E
8150,H
8151,E
8152,I
8153,E
8154,I
8155,C
8156,I
8157,H
8158,C
8159,E
8160,G
8161,F
8162,F
8163,D
8164,I
8165,B
8166,E
8167,E
8168,G
8169,G
8170,D
8171,A
8172,C
8173,B
8174,A
8175,D
8176,D
8177,L
8178,C
8179,I
8180,F
8181,D
8182,A
8183,C
8184,L
8185,B
8186,C
8187,I
8188,I
8189,A
8190,H
8191,B
8192,L
8193,F
8194,G
8195,L
8196,A
8197,D
8198,A
8199,H
8200,D
8201,I
8202,F
8203,E
8204,E
8205,A
8206,I
8207,D
8208,C
8209,B
8210,F
8211,F
8212,L
8213,F
8214,L
8215,H
8216,I
8217,B
8218,C
8219,A
8220,D
8221,D
8222,I
8223,C
8224,B
8225,D
8226,D
8227,L
8228,G
8229,D
8230,I
8231,G
8232,F
8233,C
8234,L
8235,G
8236,A
8237,G
8238,A
8239,G
8240,A
8241,L
8242,A
8243,D
8244,C
8245,C
8246,G
8247,C
8248,A
8249,L
8250,E
8251,I
8252,C
8253,A
8254,H
8255,E
8256,H
8257,L
8258,A
8259,D
8260,A
8261,I
8262,H
8263,D
8264,B
8265,L
8266,C
8267,B
8268,G
8269,E
8270,D
8271,B
8272,A
8273,E
8274,I
8275,B
8276,C
8277,I
8278,G
8279,C
8280,F
8281,D
8282,L
8283,H
8284,C
8285,E
8286,G
8287,L
8288,F
8289,H
8290,B
8291,B
8292,L
8293,H
8294,F
8295,G
8296,B
8297,E
8298,C
8299,L
8300,L
8301,H
8302,D
8303,A
8304,E
8305,C
8306,B
8307,F
8308,G
8309,G
8310,F
8311,B
8312,B
8313,B
8314,A
8315,D
8316,H
8317,E
8318,B
8319,H
8320,H
8321,D
8322,C
8323,L
8324,L
8325,D
8326,B
8327,E
8328,D
8329,G
8330,B
8331,B
8332,F
8333,F
8334,C
8335,G
8336,G
8337,G
8338,L
8339,A
8340,A
8341,C
8342,F
8343,A
8344,H
8345,E
8346,G
8347,D
8348,C
8349,I
8350,I
8351,C
8352,B
8353,E
8354,D
8355,A
8356,H
8357,B
8358,I
8359,D
8360,L
8361,E
8362,F
8363,H
8364,A
8365,D
8366,C
8367,D
8368,C
8369,C
8370,G
8371,C
8372,G
8373,D
8374,H
8375,L
8376,F
8377,C
8378,H
8379,D
8380,I
8381,I
8382,A
8383,L
8384,C
8385,C
8386,E
8387,G
8388,I
8389,I
8390,G
8391,L
8392,H
8393,E
8394,H
8395,C
8396,I
8397,I
8398,B
8399,H
8400,L
8401,B
8402,G
8403,B
8404,D
8405,B
8406,E
8407,L
8408,I
8409,C
8410,G
8411,H
8412,B
8413,F
8414,A
8415,G
8416,G
8417,H
8418,H
8419,B
8420,G
8421,C
8422,E
8423,E
8424,E
8425,A
8426,I
8427,D
8428,L
8429,F
8430,H
8431,D
8432,D
8433,A
8434,L
8435,L
8436,D
8437,G
8438,F
8439,H
8440,F
8441,G
8442,C
8443,F
8444,B
8445,F
8446,D
8447,G
8448,C
8449,B
8450,E
8451,G
8452,H
8453,I
8454,A
8455,C
8456,F
8457,C
8458,D
8459,I
8460,I
8461,F
8462,H
8463,A
8464,D
8465,A
8466,C
8467,C
8468,E
8469,H
8470,D
8471,I
8472,B
8473,D
8474,D
8475,H
8476,A
8477,I
8478,A
8479,B
8480,C
8481,F
8482,D
8483,G
8484,G
8485,H
8486,D
8487,L
8488,B
8489,A
8490,E
8491,D
8492,C
8493,A
8494,A
8495,A
8496,D
8497,D
8498,E
8499,F
8500,B
8501,I
8502,L
8503,G
8504,D
8505,L
8506,I
8507,B
8508,B
8509,F
8510,I
8511,E
8512,D
8513,G
8514,F
8515,D
8516,E
8517,A
8518,G
8519,C
8520,A
8521,B
8522,D
8523,H
8524,E
8525,H
8526,C
8527,E
8528,B
8529,C
8530,E
8531,G
8532,C
8533,B
8534,H
8535,C
8536,E
8537,A
8538,G
8539,F
8540,D
8541,E
8542,C
8543,H
8544,F
8545,E
8546,C
8547,L
8548,D
8549,H
8550,H
8551,A
8552,I
8553,F
8554,B
8555,L
8556,L
8557,F
8558,A
8559,E
8560,D
8561,B
8562,A
8563,A
8564,E
8565,G
8566,H
8567,A
8568,L
8569,L
8570,F
8571,D
8572,L
8573,G
8574,B
8575,I
8576,C
8577,I
8578,H
8579,D
8580,E
8581,I
8582,F
8583,G
8584,L
8585,F
8586,L
8587,B
8588,I
8589,C
8590,D
8591,E
8592,F
8593,F
8594,I
8595,L
8596,G
8597,F
8598,E
8599,F
8600,C
8601,I
8602,G
8603,A
8604,G
8605,L
8606,A
8607,L
8608,C
8609,G
8610,G
8611,G
8612,L
8613,I
8614,E
8615,C
8616,H
8617,A
8618,G
8619,F
8620,B
8621,L
8622,C
8623,H
8624,C
8625,C
8626,F
8627,H
8628,G
8629,C
8630,L
8631,H
8632,I
8633,B
8634,L
8635,L
8636,F
8637,H
8638,H
8639,F
8640,G
8641,L
8642,G
8643,B
8644,A
8645,I
8646,A
8647,F
8648,E
8649,F
8650,G
8651,E
8652,G
8653,H
8654,B
8655,B
8656,L
8657,C
8658,I
8659,L
8660,H
8661,L
8662,H
8663,F
8664,E
8665,G
8666,C
8667,G
8668,C
8669,D
8670,C
8671,E
8672,F
8673,D
8674,F
8675,B
8676,C
8677,G
8678,C
8679,E
8680,I
8681,E
8682,C
8683,L
8684,I
8685,B
8686,B
8687,A
8688,B
8689,B
8690,I
8691,A
8692,E
8693,G
8694,F
8695,F
8696,I
8697,I
8698,F
8699,I
8700,D
8701,F
8702,D
8703,F
8704,E
8705,F
8706,E
8707,D
8708,F
8709,L
8710,B
8711,L
8712,L
8713,H
8714,I
8715,A
8716,H
8717,B
8718,H
8719,H
8720,C
8721,E
8722,L
8723,C
8724,A
8725,F
8726,C
8727,D
8728,E
8729,D
8730,L
8731,B
8732,A
8733,B
8734,E
8735,E
8736,L
8737,D
8738,A
8739,G
8740,I
8741,G
8742,B
8743,D
8744,H
8745,I
8746,H
8747,A
8748,F
8749,C
8750,E
8751,I
8752,H
8753,I
8754,B
8755,B
8756,B
8757,H
8758,G
8759,E
8760,C
8761,E
8762,D
8763,L
8764,L
8765,E
8766,I
8767,L
8768,D
8769,G
8770,G
8771,H
8772,D
8773,E
8774,H
8775,G
8776,B
8777,F
8778,A
8779,L
8780,L
8781,F
8782,I
8783,G
8784,E
8785,D
8786,B
8787,F
8788,L
8789,H
8790,B
8791,G
8792,F
8793,H
8794,A
8795,E
8796,C
8797,H
8798,F
8799,I
8800,H
8801,D
8802,C
8803,L
8804,I
8805,B
8806,I
8807,B
8808,E
8809,D
8810,F
8811,F
8812,C
8813,L
8814,C
8815,C
8816,A
8817,B
8818,L
8819,F
8820,L
8821,H
8822,C
8823,E
8824,C
8825,C
8826,E
8827,D
8828,I
8829,A
8830,C
8831,H
8832,E
8833,B
8834,F
8835,F
8836,I
8837,F
8838,L
8839,F
8840,D
8841,F
8842,A
8843,I
8844,B
8845,I
8846,E
8847,B
8848,A
8849,L
8850,L
8851,B
8852,C
8853,A
8854,D
8855,E
8856,B
8857,H
8858,L
8859,G
8860,B
8861,C
8862,G
8863,A
8864,F
8865,E
8866,I
8867,D
8868,F
8869,L
8870,L
8871,B
8872,B
8873,L
8874,D
8875,D
8876,D
8877,F
8878,D
8879,C
8880,I
8881,E
8882,F
8883,G
8884,I
8885,H
8886,L
8887,D
8888,H
8889,C
8890,B
8891,F
8892,D
8893,B
8894,C
8895,B
8896,D
8897,L
8898,C
8899,A
8900,E
8901,H
8902,G
8903,F
8904,F
8905,F
8906,L
8907,A
8908,C
8909,G
8910,F
8911,H
8912,D
8913,G
8914,E
8915,G
8916,D
8917,H
8918,C
8919,I
8920,L
8921,C
8922,E
8923,D
8924,F
8925,F
8926,I
8927,B
8928,E
8929,F
8930,E
8931,L
8932,L
8933,E
8934,H
8935,F
8936,D
8937,B
8938,I
8939,L
8940,A
8941,B
8942,A
8943,F
8944,C
8945,G
8946,E
8947,C
8948,E
8949,G
8950,I
8951,E
8952,E
8953,L
8954,F
8955,F
8956,H
8957,H
8958,H
8959,C
8960,C
8961,L
8962,F
8963,H
8964,D
8965,A
8966,C
8967,D
8968,D
8969,F
8970,I
8971,H
8972,E
8973,I
8974,B
8975,H
8976,B
8977,E
8978,E
8979,C
8980,D
8981,A
8982,H
8983,G
8984,H
8985,I
8986,D
8987,I
8988,B
8989,E
8990,D
8991,B
8992,B
8993,F
8994,C
8995,G
8996,E
8997,F
8998,A
8999,F
9000,E
9001,B
9002,D
9003,H
9004,F
9005,L
9006,I
9007,L
9008,A
9009,F
9010,G
9011,A
9012,C
9013,A
9014,A
9015,G
9016,G
9017,B
9018,A
9019,L
9020,I
9021,E
9022,C
9023,B
9024,E
9025,L
9026,D
9027,L
9028,I
9029,L
9030,B
9031,E
9032,D
9033,G
9034,D
9035,L
9036,D
9037,L
9038,G
9039,F
9040,L
9041,A
9042,C
9043,H
9044,D
9045,H
9046,G
9047,F
9048,G
9049,B
9050,I
9051,G
9052,E
9053,A
9054,D
9055,F
9056,F
9057,F
9058,C
9059,E
9060,D
9061,I
9062,H
9063,F
9064,G
9065,D
9066,I
9067,B
9068,D
9069,C
9070,H
9071,L
9072,H
9073,G
9074,F
9075,L
9076,B
9077,D
9078,I
9079,E
9080,F
9081,C
9082,L
9083,L
9084,A
9085,I
9086,A
9087,F
9088,C
9089,F
9090,H
9091,L
9092,C
9093,G
9094,H
9095,L
9096,F
9097,D
9098,A
9099,D
9100,G
9101,B
9102,F
9103,H
9104,C
9105,G
9106,I
9107,H
9108,C
9109,L
9110,H
9111,F
9112,A
9113,L
9114,C
9115,I
9116,H
9117,G
9118,B
9119,B
9120,E
9121,B
9122,B
9123,I
9124,F
9125,I
9126,I
9127,G
9128,A
9129,I
9130,L
9131,D
9132,A
9133,B
9134,F
9135,G
9136,F
9137,F
9138,L
9139,B
9140,F
9141,D
9142,D
9143,B
9144,E
9145,C
9146,D
9147,I
9148,A
9149,I
9150,D
9151,G
9152,G
9153,F
9154,B
9155,H
9156,B
9157,D
9158,D
9159,I
9160,I
9161,L
9162,E
9163,F
9164,I
9165,C
9166,G
9167,D
9168,G
9169,I
9170,D
9171,C
9172,G
9173,D
9174,B
9175,E
9176,F
9177,F
9178,C
9179,D
9180,D
9181,G
9182,B
9183,E
9184,E
9185,I
9186,D
9187,C
9188,F
9189,G
9190,I
9191,D
9192,H
9193,A
9194,D
9195,I
9196,E
9197,E
9198,D
9199,C
9200,D
9201,B
9202,E
9203,L
9204,F
9205,G
9206,A
9207,E
9208,G
9209,D
9210,D
9211,E
9212,A
9213,H
9214,G
9215,C
9216,I
9217,A
9218,L
9219,H
9220,B
9221,A
9222,L
9223,L
9224,G
9225,L
9226,H
9227,E
9228,B
9229,L
9230,E
9231,C
9232,L
9233,E
9234,E
9235,L
9236,G
9237,D
9238,D
9239,E
9240,A
9241,L
9242,H
9243,L
9244,H
9245,I
9246,L
9247,G
9248,D
9249,D
9250,G
9251,A
9252,G
9253,F
9254,D
9255,F
9256,H
9257,E
9258,D
9259,A
9260,A
9261,I
9262,G
9263,I
9264,H
9265,L
9266,L
9267,A
9268,I
9269,C
9270,C
9271,B
9272,L
9273,A
9274,G
9275,E
9276,E
9277,D
9278,H
9279,E
9280,D
9281,D
9282,H
9283,L
9284,H
9285,B
9286,L
9287,A
9288,E
9289,D
9290,C
9291,L
9292,H
9293,L
9294,E
9295,B
9296,E
9297,F
9298,F
9299,I
9300,G
9301,F
9302,I
9303,I
9304,L
9305,H
9306,C
9307,E
9308,D
9309,I
9310,G
9311,L
9312,I
9313,G
9314,D
9315,L
9316,I
9317,I
9318,E
9319,C
9320,L
9321,A
9322,E
9323,C
9324,L
9325,C
9326,D
9327,F
9328,H
9329,B
9330,D
9331,C
9332,H
9333,E
9334,B
9335,E
9336,H
9337,B
9338,E
9339,A
9340,A
9341,H
9342,F
9343,B
9344,B
9345,A
9346,C
9347,B
9348,F
9349,D
9350,E
9351,L
9352,L
9353,G
9354,B
9355,L
9356,G
9357,F
9358,E
9359,B
9360,G
9361,E
9362,H
9363,G
9364,D
9365,A
9366,E
9367,G
9368,H
9369,I
9370,E
9371,A
9372,L
9373,B
9374,E
9375,G
9376,C
9377,B
9378,C
9379,B
9380,I
9381,H
9382,A
9383,E
9384,G
9385,G
9386,I
9387,L
9388,D
9389,E
9390,G
9391,A
9392,I
9393,F
9394,L
9395,C
9396,D
9397,A
9398,A
9399,A
9400,C
9401,G
9402,G
9403,B
9404,G
9405,E
9406,C
9407,B
9408,B
9409,C
9410,B
9411,E
9412,G
9413,G
9414,C
9415,D
9416,E
9417,D
9418,D
9419,E
9420,L
9421,D
9422,I
9423,I
9424,C
9425,A
9426,G
9427,H
9428,A
9429,C
9430,E
9431,G
9432,B
9433,G
9434,I
9435,C
9436,C
9437,G
9438,E
9439,C
9440,A
9441,H
9442,C
9443,G
9444,I
9445,H
9446,L
9447,E
9448,B
9449,B
9450,E
9451,C
9452,C
9453,F
9454,E
9455,I
9456,A
9457,I
9458,F
9459,H
9460,D
9461,H
9462,L
9463,A
9464,D
9465,G
9466,H
9467,D
9468,E
9469,B
9470,E
9471,I
9472,H
9473,H
9474,I
9475,F
9476,I
9477,L
9478,H
9479,B
9480,E
9481,G
9482,E
9483,E
9484,F
9485,H
9486,F
9487,E
9488,G
9489,F
9490,E
9491,G
9492,I
9493,F
9494,E
9495,L
9496,H
9497,H
9498,D
9499,L
9500,A
9501,G
9502,I
9503,G
9504,A
9505,H
9506,I
9507,L
9508,I
9509,G
9510,C
9511,F
9512,L
9513,L
9514,G
9515,B
9516,L
9517,E
9518,B
9519,H
9520,D
9521,G
9522,C
9523,L
9524,L
9525,G
9526,E
9527,A
9528,L
9529,G
9530,D
9531,I
9532,C
9533,G
9534,I
9535,D
9536,G
9537,H
9538,I
9539,E
9540,B
9541,L
9542,F
9543,H
9544,B
9545,G
9546,L
9547,H
9548,D
9549,H
9550,G
9551,F
9552,E
9553,G
9554,F
9555,A
9556,B
9557,F
9558,I
9559,D
9560,I
9561,E
9562,B
9563,H
9564,E
9565,G
9566,I
9567,D
9568,L
9569,A
9570,E
9571,A
9572,A
9573,G
9574,E
9575,I
9576,F
9577,L
9578,B
9579,D
9580,L
9581,I
9582,B
9583,G
9584,G
9585,L
9586,B
9587,A
9588,L
9589,I
9590,A
9591,B
9592,E
9593,I
9594,F
9595,L
9596,E
9597,I
9598,I
9599,G
9600,F
9601,F
9602,C
9603,H
9604,D
9605,L
9606,D
9607,L
9608,F
9609,L
9610,I
9611,E
9612,F
9613,B
9614,A
9615,B
9616,A
9617,L
9618,L
9619,G
9620,F
9621,D
9622,L
9623,B
9624,I
9625,G
9626,C
9627,E
9628,D
9629,C
9630,G
9631,B
9632,B
9633,G
9634,G
9635,I
9636,C
9637,I
9638,I
9639,A
9640,G
9641,B
9642,H
9643,D
9644,B
9645,G
9646,L
9647,B
9648,I
9649,E
9650,B
9651,D
9652,F
9653,D
9654,E
9655,A
9656,E
9657,B
9658,A
9659,E
9660,E
9661,B
9662,E
9663,H
9664,I
9665,I
9666,H
9667,E
9668,F
9669,E
9670,C
9671,E
9672,L
9673,H
9674,D
9675,G
9676,A
9677,A
9678,G
9679,E
9680,C
9681,I
9682,G
9683,G
9684,E
9685,G
9686,H
9687,G
9688,A
9689,F
9690,A
9691,E
9692,C
9693,G
9694,B
9695,G
9696,F
9697,A
9698,G
9699,A
9700,I
9701,F
9702,A
9703,B
9704,I
9705,D
9706,F
9707,C
9708,H
9709,I
9710,D
9711,L
9712,H
9713,I
9714,A
9715,L
9716,L
9717,I
9718,D
9719,B
9720,I
9721,B
9722,A
9723,E
9724,G
9725,G
9726,B
9727,G
9728,E
9729,L
9730,L
9731,L
9732,D
9733,B
9734,I
9735,H
9736,A
9737,D
9738,H
9739,E
9740,A
9741,F
9742,C
9743,B
9744,A
9745,I
9746,A
9747,F
9748,F
9749,B
9750,G
9751,B
9752,A
9753,G
9754,A
9755,L
9756,G
9757,D
9758,F
9759,B
9760,G
9761,F
9762,E
9763,I
9764,D
9765,C
9766,I
9767,A
9768,H
9769,G
9770,F
9771,H
9772,G
9773,I
9774,H
9775,L
9776,B
9777,E
9778,F
9779,C
9780,B
9781,F
9782,D
9783,F
9784,A
9785,C
9786,I
9787,F
9788,B
9789,F
9790,E
9791,H
9792,B
9793,E
9794,E
9795,B
9796,A
9797,D
9798,B
9799,H
9800,B
9801,D
9802,B
9803,L
9804,F
9805,F
9806,H
9807,G
9808,C
9809,B
9810,D
9811,E
9812,G
9813,D
9814,G
9815,G
9816,C
9817,B
9818,I
9819,B
9820,L
9821,I
9822,I
9823,H
9824,I
9825,F
9826,E
9827,B
9828,E
9829,D
9830,F
9831,G
9832,D
9833,B
9834,C
9835,D
9836,C
9837,H
9838,A
9839,F
9840,H
9841,A
9842,B
9843,D
9844,L
9845,L
9846,D
9847,H
9848,C
9849,H
9850,B
9851,A
9852,I
9853,C
9854,H
9855,E
9856,G
9857,I
9858,A
9859,H
9860,F
9861,G
9862,F
9863,C
9864,F
9865,C
9866,E
9867,B
9868,G
9869,L
9870,G
9871,I
9872,F
9873,H
9874,E
9875,F
9876,G
9877,C
9878,L
9879,B
9880,C
9881,G
9882,G
9883,L
9884,I
9885,G
9886,D
9887,L
9888,L
9889,D
9890,C
9891,I
9892,G
9893,H
9894,E
9895,G
9896,B
9897,E
9898,E
9899,A
9900,B
9901,H
9902,G
9903,H
9904,H
9905,B
9906,E
9907,E
9908,E
9909,D
9910,I
9911,L
9912,H
9913,C
9914,D
9915,B
9916,G
9917,F
9918,C
9919,L
9920,E
9921,H
9922,C
9923,F
9924,E
9925,G
9926,E
9927,G
9928,A
9929,F
9930,E
9931,D
9932,E
9933,C
9934,D
9935,C
9936,B
9937,C
9938,E
9939,C
9940,F
9941,A
9942,L
9943,C
9944,H
9945,F
9946,G
9947,L
9948,B
9949,G
9950,H
9951,C
9952,A
9953,G
9954,C
9955,F
9956,I
9957,G
9958,E
9959,D
9960,A
9961,E
9962,C
9963,F
9964,I
9965,I
9966,H
9967,E
9968,L
9969,B
9970,C
9971,I
9972,G
9973,A
9974,I
9975,E
9976,C
9977,H
9978,L
9979,D
9980,C
9981,L
9982,G
9983,E
9984,B
9985,B
9986,F
9987,A
9988,D
9989,I
9990,A
9991,D
9992,I
9993,B
9994,G
9995,I
9996,L
9997,L
9998,D
9999,E
